2025-08-06 13:09:53,890 - config - INFO - Конфигурация загружена. Базовая директория: C:\Users\79604\Documents\GitHub\First_project
2025-08-06 13:09:53,891 - config - INFO - OCR включен
2025-08-06 13:09:53,891 - config - INFO - Парсинг включен
2025-08-06 13:09:53,891 - config - INFO - Прокси отключены
2025-08-06 13:18:05,171 - config - INFO - Конфигурация загружена. Базовая директория: C:\Users\79604\Documents\GitHub\First_project
2025-08-06 13:18:05,190 - config - INFO - OCR включен
2025-08-06 13:18:05,190 - config - INFO - Парсинг включен
2025-08-06 13:18:05,190 - config - INFO - Прокси отключены
2025-08-06 13:18:05,929 - config - INFO - Запуск бота...
2025-08-06 13:18:06,450 - apscheduler.scheduler - INFO - Adding job tentatively -- it will be properly scheduled when the scheduler starts
2025-08-06 13:18:06,451 - apscheduler.scheduler - INFO - Added job "cleanup_old_files" to job store "default"
2025-08-06 13:18:06,451 - apscheduler.scheduler - INFO - Scheduler started
2025-08-06 13:18:06,451 - config - INFO - Планировщик задач запущен
2025-08-06 13:18:06,452 - config - INFO - Бот запущен и готов к работе
2025-08-06 13:18:06,486 - config - CRITICAL - Критическая ошибка запуска: Cannot close a running event loop
2025-08-06 13:20:43,068 - config - INFO - Конфигурация загружена. Базовая директория: C:\Users\79604\Documents\GitHub\First_project
2025-08-06 13:20:43,069 - config - INFO - OCR включен
2025-08-06 13:20:43,069 - config - INFO - Парсинг включен
2025-08-06 13:20:43,070 - config - INFO - Прокси отключены
2025-08-06 13:20:43,467 - config - INFO - Запуск бота...
2025-08-06 13:20:43,975 - apscheduler.scheduler - INFO - Adding job tentatively -- it will be properly scheduled when the scheduler starts
2025-08-06 13:20:43,976 - apscheduler.scheduler - INFO - Added job "cleanup_old_files" to job store "default"
2025-08-06 13:20:43,976 - apscheduler.scheduler - INFO - Scheduler started
2025-08-06 13:20:43,977 - config - INFO - Планировщик задач запущен
2025-08-06 13:20:43,977 - config - INFO - Бот запущен и готов к работе
2025-08-06 13:20:44,011 - config - CRITICAL - Критическая ошибка запуска: Cannot close a running event loop
2025-08-06 13:21:38,158 - config - INFO - Конфигурация загружена. Базовая директория: C:\Users\79604\Documents\GitHub\First_project
2025-08-06 13:21:38,159 - config - INFO - OCR включен
2025-08-06 13:21:38,159 - config - INFO - Парсинг включен
2025-08-06 13:21:38,160 - config - INFO - Прокси отключены
2025-08-06 13:21:38,543 - config - INFO - Запуск бота...
2025-08-06 13:21:39,040 - apscheduler.scheduler - INFO - Adding job tentatively -- it will be properly scheduled when the scheduler starts
2025-08-06 13:21:39,041 - apscheduler.scheduler - INFO - Added job "cleanup_old_files" to job store "default"
2025-08-06 13:21:39,041 - apscheduler.scheduler - INFO - Scheduler started
2025-08-06 13:21:39,041 - config - INFO - Планировщик задач запущен
2025-08-06 13:21:39,041 - config - INFO - Бот запущен и готов к работе
2025-08-06 13:21:39,042 - config - CRITICAL - Критическая ошибка запуска: This Application was not initialized via `Application.initialize`!
2025-08-06 13:23:10,835 - config - INFO - Конфигурация загружена. Базовая директория: C:\Users\79604\Documents\GitHub\First_project
2025-08-06 13:23:10,836 - config - INFO - OCR включен
2025-08-06 13:23:10,836 - config - INFO - Парсинг включен
2025-08-06 13:23:10,836 - config - INFO - Прокси отключены
2025-08-06 13:23:11,207 - config - INFO - Запуск бота...
2025-08-06 13:23:11,727 - apscheduler.scheduler - INFO - Adding job tentatively -- it will be properly scheduled when the scheduler starts
2025-08-06 13:23:11,727 - apscheduler.scheduler - INFO - Added job "cleanup_old_files" to job store "default"
2025-08-06 13:23:11,727 - apscheduler.scheduler - INFO - Scheduler started
2025-08-06 13:23:11,728 - config - INFO - Планировщик задач запущен
2025-08-06 13:23:11,728 - config - INFO - Бот запущен и готов к работе
2025-08-06 13:23:12,082 - httpx - INFO - HTTP Request: POST https://api.telegram.org/bot8246578993:AAGaUxNEW2LCIdh6qLp3Ee9fyTY0z8muMc4/getMe "HTTP/1.1 200 OK"
2025-08-06 13:23:12,084 - apscheduler.scheduler - INFO - Scheduler started
2025-08-06 13:23:12,084 - telegram.ext.Application - INFO - Application started
2025-08-06 13:23:12,153 - httpx - INFO - HTTP Request: POST https://api.telegram.org/bot8246578993:AAGaUxNEW2LCIdh6qLp3Ee9fyTY0z8muMc4/deleteWebhook "HTTP/1.1 200 OK"
2025-08-06 13:23:22,361 - httpx - INFO - HTTP Request: POST https://api.telegram.org/bot8246578993:AAGaUxNEW2LCIdh6qLp3Ee9fyTY0z8muMc4/getUpdates "HTTP/1.1 200 OK"
2025-08-06 13:23:32,434 - httpx - INFO - HTTP Request: POST https://api.telegram.org/bot8246578993:AAGaUxNEW2LCIdh6qLp3Ee9fyTY0z8muMc4/getUpdates "HTTP/1.1 200 OK"
2025-08-06 13:23:35,229 - httpx - INFO - HTTP Request: POST https://api.telegram.org/bot8246578993:AAGaUxNEW2LCIdh6qLp3Ee9fyTY0z8muMc4/getUpdates "HTTP/1.1 200 OK"
2025-08-06 13:23:35,520 - httpx - INFO - HTTP Request: POST https://api.telegram.org/bot8246578993:AAGaUxNEW2LCIdh6qLp3Ee9fyTY0z8muMc4/sendMessage "HTTP/1.1 200 OK"
2025-08-06 13:23:45,299 - httpx - INFO - HTTP Request: POST https://api.telegram.org/bot8246578993:AAGaUxNEW2LCIdh6qLp3Ee9fyTY0z8muMc4/getUpdates "HTTP/1.1 200 OK"
2025-08-06 13:23:55,368 - httpx - INFO - HTTP Request: POST https://api.telegram.org/bot8246578993:AAGaUxNEW2LCIdh6qLp3Ee9fyTY0z8muMc4/getUpdates "HTTP/1.1 200 OK"
2025-08-06 13:23:59,270 - httpx - INFO - HTTP Request: POST https://api.telegram.org/bot8246578993:AAGaUxNEW2LCIdh6qLp3Ee9fyTY0z8muMc4/getUpdates "HTTP/1.1 200 OK"
2025-08-06 13:23:59,499 - httpx - INFO - HTTP Request: POST https://api.telegram.org/bot8246578993:AAGaUxNEW2LCIdh6qLp3Ee9fyTY0z8muMc4/sendMessage "HTTP/1.1 200 OK"
2025-08-06 13:23:59,909 - httpx - INFO - HTTP Request: POST https://api.telegram.org/bot8246578993:AAGaUxNEW2LCIdh6qLp3Ee9fyTY0z8muMc4/getFile "HTTP/1.1 200 OK"
2025-08-06 13:24:00,110 - httpx - INFO - HTTP Request: GET https://api.telegram.org/file/bot8246578993%3AAAGaUxNEW2LCIdh6qLp3Ee9fyTY0z8muMc4/documents/file_7.pdf "HTTP/1.1 200 OK"
2025-08-06 13:24:01,112 - config - INFO - Файл 11_2023.5-АПС.pdf скачан за 1.8с
2025-08-06 13:24:01,195 - httpx - INFO - HTTP Request: POST https://api.telegram.org/bot8246578993:AAGaUxNEW2LCIdh6qLp3Ee9fyTY0z8muMc4/editMessageText "HTTP/1.1 200 OK"
2025-08-06 13:24:01,196 - config - INFO - Начата обработка PDF: C:\Users\79604\Documents\GitHub\First_project\storage\temp_files\user_862070532_1754475839_c50259.pdf
2025-08-06 13:24:01,269 - config - INFO - Документ содержит 18 страниц
2025-08-06 13:24:09,386 - httpx - INFO - HTTP Request: POST https://api.telegram.org/bot8246578993:AAGaUxNEW2LCIdh6qLp3Ee9fyTY0z8muMc4/getUpdates "HTTP/1.1 200 OK"
2025-08-06 13:24:19,617 - httpx - INFO - HTTP Request: POST https://api.telegram.org/bot8246578993:AAGaUxNEW2LCIdh6qLp3Ee9fyTY0z8muMc4/getUpdates "HTTP/1.1 200 OK"
2025-08-06 13:24:21,661 - config - INFO - Извлечено 0 позиций оборудования
2025-08-06 13:24:21,661 - config - ERROR - Ошибка обработки PDF
Traceback (most recent call last):
  File "C:\Users\79604\Documents\GitHub\First_project\processing\pdf_processor.py", line 54, in process_pdf
    raise ValueError("Не найдено оборудования в документе")
ValueError: Не найдено оборудования в документе
2025-08-06 13:24:21,663 - config - ERROR - Ошибка обработки PDF: Не найдено оборудования в документе
Traceback (most recent call last):
  File "C:\Users\79604\Documents\GitHub\First_project\bot\handlers.py", line 64, in handle_pdf
    await asyncio.to_thread(process_pdf, pdf_path, excel_path, user.id)
  File "C:\Users\79604\AppData\Local\Programs\Python\Python312\Lib\asyncio\threads.py", line 25, in to_thread
    return await loop.run_in_executor(None, func_call)
           ^^^^^^^^^^^^^^^^^^^^^^^^^^^^^^^^^^^^^^^^^^^
  File "C:\Users\79604\AppData\Local\Programs\Python\Python312\Lib\concurrent\futures\thread.py", line 59, in run
    result = self.fn(*self.args, **self.kwargs)
             ^^^^^^^^^^^^^^^^^^^^^^^^^^^^^^^^^^
  File "C:\Users\79604\Documents\GitHub\First_project\processing\pdf_processor.py", line 54, in process_pdf
    raise ValueError("Не найдено оборудования в документе")
ValueError: Не найдено оборудования в документе
2025-08-06 13:24:21,938 - httpx - INFO - HTTP Request: POST https://api.telegram.org/bot8246578993:AAGaUxNEW2LCIdh6qLp3Ee9fyTY0z8muMc4/sendMessage "HTTP/1.1 200 OK"
2025-08-06 13:24:29,796 - httpx - INFO - HTTP Request: POST https://api.telegram.org/bot8246578993:AAGaUxNEW2LCIdh6qLp3Ee9fyTY0z8muMc4/getUpdates "HTTP/1.1 200 OK"
2025-08-06 13:24:39,868 - httpx - INFO - HTTP Request: POST https://api.telegram.org/bot8246578993:AAGaUxNEW2LCIdh6qLp3Ee9fyTY0z8muMc4/getUpdates "HTTP/1.1 200 OK"
2025-08-06 13:24:49,943 - httpx - INFO - HTTP Request: POST https://api.telegram.org/bot8246578993:AAGaUxNEW2LCIdh6qLp3Ee9fyTY0z8muMc4/getUpdates "HTTP/1.1 200 OK"
2025-08-06 13:25:00,014 - httpx - INFO - HTTP Request: POST https://api.telegram.org/bot8246578993:AAGaUxNEW2LCIdh6qLp3Ee9fyTY0z8muMc4/getUpdates "HTTP/1.1 200 OK"
2025-08-06 13:25:10,081 - httpx - INFO - HTTP Request: POST https://api.telegram.org/bot8246578993:AAGaUxNEW2LCIdh6qLp3Ee9fyTY0z8muMc4/getUpdates "HTTP/1.1 200 OK"
2025-08-06 13:25:20,152 - httpx - INFO - HTTP Request: POST https://api.telegram.org/bot8246578993:AAGaUxNEW2LCIdh6qLp3Ee9fyTY0z8muMc4/getUpdates "HTTP/1.1 200 OK"
2025-08-06 13:25:30,221 - httpx - INFO - HTTP Request: POST https://api.telegram.org/bot8246578993:AAGaUxNEW2LCIdh6qLp3Ee9fyTY0z8muMc4/getUpdates "HTTP/1.1 200 OK"
2025-08-06 13:25:40,288 - httpx - INFO - HTTP Request: POST https://api.telegram.org/bot8246578993:AAGaUxNEW2LCIdh6qLp3Ee9fyTY0z8muMc4/getUpdates "HTTP/1.1 200 OK"
2025-08-06 13:25:50,356 - httpx - INFO - HTTP Request: POST https://api.telegram.org/bot8246578993:AAGaUxNEW2LCIdh6qLp3Ee9fyTY0z8muMc4/getUpdates "HTTP/1.1 200 OK"
2025-08-06 13:26:00,426 - httpx - INFO - HTTP Request: POST https://api.telegram.org/bot8246578993:AAGaUxNEW2LCIdh6qLp3Ee9fyTY0z8muMc4/getUpdates "HTTP/1.1 200 OK"
2025-08-06 13:26:10,493 - httpx - INFO - HTTP Request: POST https://api.telegram.org/bot8246578993:AAGaUxNEW2LCIdh6qLp3Ee9fyTY0z8muMc4/getUpdates "HTTP/1.1 200 OK"
2025-08-06 13:26:20,568 - httpx - INFO - HTTP Request: POST https://api.telegram.org/bot8246578993:AAGaUxNEW2LCIdh6qLp3Ee9fyTY0z8muMc4/getUpdates "HTTP/1.1 200 OK"
2025-08-06 13:26:30,635 - httpx - INFO - HTTP Request: POST https://api.telegram.org/bot8246578993:AAGaUxNEW2LCIdh6qLp3Ee9fyTY0z8muMc4/getUpdates "HTTP/1.1 200 OK"
2025-08-06 13:26:40,704 - httpx - INFO - HTTP Request: POST https://api.telegram.org/bot8246578993:AAGaUxNEW2LCIdh6qLp3Ee9fyTY0z8muMc4/getUpdates "HTTP/1.1 200 OK"
2025-08-06 13:26:50,771 - httpx - INFO - HTTP Request: POST https://api.telegram.org/bot8246578993:AAGaUxNEW2LCIdh6qLp3Ee9fyTY0z8muMc4/getUpdates "HTTP/1.1 200 OK"
2025-08-06 13:27:00,845 - httpx - INFO - HTTP Request: POST https://api.telegram.org/bot8246578993:AAGaUxNEW2LCIdh6qLp3Ee9fyTY0z8muMc4/getUpdates "HTTP/1.1 200 OK"
2025-08-06 13:27:10,916 - httpx - INFO - HTTP Request: POST https://api.telegram.org/bot8246578993:AAGaUxNEW2LCIdh6qLp3Ee9fyTY0z8muMc4/getUpdates "HTTP/1.1 200 OK"
2025-08-06 13:27:20,987 - httpx - INFO - HTTP Request: POST https://api.telegram.org/bot8246578993:AAGaUxNEW2LCIdh6qLp3Ee9fyTY0z8muMc4/getUpdates "HTTP/1.1 200 OK"
2025-08-06 13:27:31,063 - httpx - INFO - HTTP Request: POST https://api.telegram.org/bot8246578993:AAGaUxNEW2LCIdh6qLp3Ee9fyTY0z8muMc4/getUpdates "HTTP/1.1 200 OK"
2025-08-06 13:27:41,136 - httpx - INFO - HTTP Request: POST https://api.telegram.org/bot8246578993:AAGaUxNEW2LCIdh6qLp3Ee9fyTY0z8muMc4/getUpdates "HTTP/1.1 200 OK"
2025-08-06 13:27:51,210 - httpx - INFO - HTTP Request: POST https://api.telegram.org/bot8246578993:AAGaUxNEW2LCIdh6qLp3Ee9fyTY0z8muMc4/getUpdates "HTTP/1.1 200 OK"
2025-08-06 13:28:01,286 - httpx - INFO - HTTP Request: POST https://api.telegram.org/bot8246578993:AAGaUxNEW2LCIdh6qLp3Ee9fyTY0z8muMc4/getUpdates "HTTP/1.1 200 OK"
2025-08-06 13:28:11,357 - httpx - INFO - HTTP Request: POST https://api.telegram.org/bot8246578993:AAGaUxNEW2LCIdh6qLp3Ee9fyTY0z8muMc4/getUpdates "HTTP/1.1 200 OK"
2025-08-06 13:28:21,427 - httpx - INFO - HTTP Request: POST https://api.telegram.org/bot8246578993:AAGaUxNEW2LCIdh6qLp3Ee9fyTY0z8muMc4/getUpdates "HTTP/1.1 200 OK"
2025-08-06 13:28:31,497 - httpx - INFO - HTTP Request: POST https://api.telegram.org/bot8246578993:AAGaUxNEW2LCIdh6qLp3Ee9fyTY0z8muMc4/getUpdates "HTTP/1.1 200 OK"
2025-08-06 13:28:41,564 - httpx - INFO - HTTP Request: POST https://api.telegram.org/bot8246578993:AAGaUxNEW2LCIdh6qLp3Ee9fyTY0z8muMc4/getUpdates "HTTP/1.1 200 OK"
2025-08-06 13:28:51,634 - httpx - INFO - HTTP Request: POST https://api.telegram.org/bot8246578993:AAGaUxNEW2LCIdh6qLp3Ee9fyTY0z8muMc4/getUpdates "HTTP/1.1 200 OK"
2025-08-06 13:29:01,704 - httpx - INFO - HTTP Request: POST https://api.telegram.org/bot8246578993:AAGaUxNEW2LCIdh6qLp3Ee9fyTY0z8muMc4/getUpdates "HTTP/1.1 200 OK"
2025-08-06 13:29:11,774 - httpx - INFO - HTTP Request: POST https://api.telegram.org/bot8246578993:AAGaUxNEW2LCIdh6qLp3Ee9fyTY0z8muMc4/getUpdates "HTTP/1.1 200 OK"
2025-08-06 13:29:21,845 - httpx - INFO - HTTP Request: POST https://api.telegram.org/bot8246578993:AAGaUxNEW2LCIdh6qLp3Ee9fyTY0z8muMc4/getUpdates "HTTP/1.1 200 OK"
2025-08-06 13:29:31,914 - httpx - INFO - HTTP Request: POST https://api.telegram.org/bot8246578993:AAGaUxNEW2LCIdh6qLp3Ee9fyTY0z8muMc4/getUpdates "HTTP/1.1 200 OK"
2025-08-06 13:29:41,982 - httpx - INFO - HTTP Request: POST https://api.telegram.org/bot8246578993:AAGaUxNEW2LCIdh6qLp3Ee9fyTY0z8muMc4/getUpdates "HTTP/1.1 200 OK"
2025-08-06 13:29:52,051 - httpx - INFO - HTTP Request: POST https://api.telegram.org/bot8246578993:AAGaUxNEW2LCIdh6qLp3Ee9fyTY0z8muMc4/getUpdates "HTTP/1.1 200 OK"
2025-08-06 13:30:02,121 - httpx - INFO - HTTP Request: POST https://api.telegram.org/bot8246578993:AAGaUxNEW2LCIdh6qLp3Ee9fyTY0z8muMc4/getUpdates "HTTP/1.1 200 OK"
2025-08-06 13:30:12,188 - httpx - INFO - HTTP Request: POST https://api.telegram.org/bot8246578993:AAGaUxNEW2LCIdh6qLp3Ee9fyTY0z8muMc4/getUpdates "HTTP/1.1 200 OK"
2025-08-06 13:30:22,261 - httpx - INFO - HTTP Request: POST https://api.telegram.org/bot8246578993:AAGaUxNEW2LCIdh6qLp3Ee9fyTY0z8muMc4/getUpdates "HTTP/1.1 200 OK"
2025-08-06 13:30:32,334 - httpx - INFO - HTTP Request: POST https://api.telegram.org/bot8246578993:AAGaUxNEW2LCIdh6qLp3Ee9fyTY0z8muMc4/getUpdates "HTTP/1.1 200 OK"
2025-08-06 13:30:42,407 - httpx - INFO - HTTP Request: POST https://api.telegram.org/bot8246578993:AAGaUxNEW2LCIdh6qLp3Ee9fyTY0z8muMc4/getUpdates "HTTP/1.1 200 OK"
2025-08-06 13:30:52,476 - httpx - INFO - HTTP Request: POST https://api.telegram.org/bot8246578993:AAGaUxNEW2LCIdh6qLp3Ee9fyTY0z8muMc4/getUpdates "HTTP/1.1 200 OK"
2025-08-06 13:31:02,544 - httpx - INFO - HTTP Request: POST https://api.telegram.org/bot8246578993:AAGaUxNEW2LCIdh6qLp3Ee9fyTY0z8muMc4/getUpdates "HTTP/1.1 200 OK"
2025-08-06 13:31:12,614 - httpx - INFO - HTTP Request: POST https://api.telegram.org/bot8246578993:AAGaUxNEW2LCIdh6qLp3Ee9fyTY0z8muMc4/getUpdates "HTTP/1.1 200 OK"
2025-08-06 13:31:22,683 - httpx - INFO - HTTP Request: POST https://api.telegram.org/bot8246578993:AAGaUxNEW2LCIdh6qLp3Ee9fyTY0z8muMc4/getUpdates "HTTP/1.1 200 OK"
2025-08-06 13:31:32,751 - httpx - INFO - HTTP Request: POST https://api.telegram.org/bot8246578993:AAGaUxNEW2LCIdh6qLp3Ee9fyTY0z8muMc4/getUpdates "HTTP/1.1 200 OK"
2025-08-06 13:31:42,823 - httpx - INFO - HTTP Request: POST https://api.telegram.org/bot8246578993:AAGaUxNEW2LCIdh6qLp3Ee9fyTY0z8muMc4/getUpdates "HTTP/1.1 200 OK"
2025-08-06 13:31:52,892 - httpx - INFO - HTTP Request: POST https://api.telegram.org/bot8246578993:AAGaUxNEW2LCIdh6qLp3Ee9fyTY0z8muMc4/getUpdates "HTTP/1.1 200 OK"
2025-08-06 13:32:02,961 - httpx - INFO - HTTP Request: POST https://api.telegram.org/bot8246578993:AAGaUxNEW2LCIdh6qLp3Ee9fyTY0z8muMc4/getUpdates "HTTP/1.1 200 OK"
2025-08-06 13:32:13,028 - httpx - INFO - HTTP Request: POST https://api.telegram.org/bot8246578993:AAGaUxNEW2LCIdh6qLp3Ee9fyTY0z8muMc4/getUpdates "HTTP/1.1 200 OK"
2025-08-06 13:32:23,096 - httpx - INFO - HTTP Request: POST https://api.telegram.org/bot8246578993:AAGaUxNEW2LCIdh6qLp3Ee9fyTY0z8muMc4/getUpdates "HTTP/1.1 200 OK"
2025-08-06 13:32:33,164 - httpx - INFO - HTTP Request: POST https://api.telegram.org/bot8246578993:AAGaUxNEW2LCIdh6qLp3Ee9fyTY0z8muMc4/getUpdates "HTTP/1.1 200 OK"
2025-08-06 13:32:36,729 - config - INFO - Получен сигнал на остановку
2025-08-06 13:32:36,730 - telegram.ext.Application - INFO - Application is stopping. This might take a moment.
2025-08-06 13:32:36,731 - apscheduler.scheduler - INFO - Scheduler has been shut down
2025-08-06 13:32:36,731 - telegram.ext.Application - INFO - Application.stop() complete
2025-08-06 13:32:36,732 - config - INFO - Бот завершил работу
2025-08-06 14:34:52,815 - config - INFO - Конфигурация загружена. Базовая директория: C:\Users\79604\Documents\GitHub\First_project
2025-08-06 14:34:52,815 - config - INFO - OCR включен
2025-08-06 14:34:52,816 - config - INFO - Парсинг включен
2025-08-06 14:34:52,816 - config - INFO - Прокси отключены
2025-08-06 21:03:33,026 - config - INFO - Конфигурация загружена. Базовая директория: C:\Users\79604\Documents\GitHub\First_project
2025-08-06 21:03:33,027 - config - INFO - OCR включен
2025-08-06 21:03:33,027 - config - INFO - Парсинг включен
2025-08-06 21:03:33,027 - config - INFO - Прокси отключены
2025-08-06 21:03:36,795 - config - INFO - Запуск бота...
2025-08-06 21:03:37,379 - apscheduler.scheduler - INFO - Adding job tentatively -- it will be properly scheduled when the scheduler starts
2025-08-06 21:03:37,380 - apscheduler.scheduler - INFO - Added job "cleanup_old_files" to job store "default"
2025-08-06 21:03:37,380 - apscheduler.scheduler - INFO - Scheduler started
2025-08-06 21:03:37,381 - config - INFO - Планировщик задач запущен
2025-08-06 21:03:37,381 - config - INFO - Бот запущен и готов к работе
2025-08-06 21:03:37,641 - httpx - INFO - HTTP Request: POST https://api.telegram.org/bot8246578993:AAGaUxNEW2LCIdh6qLp3Ee9fyTY0z8muMc4/getMe "HTTP/1.1 200 OK"
2025-08-06 21:03:37,642 - apscheduler.scheduler - INFO - Scheduler started
2025-08-06 21:03:37,642 - telegram.ext.Application - INFO - Application started
2025-08-06 21:03:37,711 - httpx - INFO - HTTP Request: POST https://api.telegram.org/bot8246578993:AAGaUxNEW2LCIdh6qLp3Ee9fyTY0z8muMc4/deleteWebhook "HTTP/1.1 200 OK"
2025-08-06 21:03:47,921 - httpx - INFO - HTTP Request: POST https://api.telegram.org/bot8246578993:AAGaUxNEW2LCIdh6qLp3Ee9fyTY0z8muMc4/getUpdates "HTTP/1.1 200 OK"
2025-08-06 21:03:57,993 - httpx - INFO - HTTP Request: POST https://api.telegram.org/bot8246578993:AAGaUxNEW2LCIdh6qLp3Ee9fyTY0z8muMc4/getUpdates "HTTP/1.1 200 OK"
2025-08-06 21:04:08,067 - httpx - INFO - HTTP Request: POST https://api.telegram.org/bot8246578993:AAGaUxNEW2LCIdh6qLp3Ee9fyTY0z8muMc4/getUpdates "HTTP/1.1 200 OK"
2025-08-06 21:04:18,166 - httpx - INFO - HTTP Request: POST https://api.telegram.org/bot8246578993:AAGaUxNEW2LCIdh6qLp3Ee9fyTY0z8muMc4/getUpdates "HTTP/1.1 200 OK"
2025-08-06 21:04:28,236 - httpx - INFO - HTTP Request: POST https://api.telegram.org/bot8246578993:AAGaUxNEW2LCIdh6qLp3Ee9fyTY0z8muMc4/getUpdates "HTTP/1.1 200 OK"
2025-08-06 21:04:37,131 - httpx - INFO - HTTP Request: POST https://api.telegram.org/bot8246578993:AAGaUxNEW2LCIdh6qLp3Ee9fyTY0z8muMc4/getUpdates "HTTP/1.1 200 OK"
2025-08-06 21:04:37,468 - httpx - INFO - HTTP Request: POST https://api.telegram.org/bot8246578993:AAGaUxNEW2LCIdh6qLp3Ee9fyTY0z8muMc4/sendMessage "HTTP/1.1 200 OK"
2025-08-06 21:04:47,209 - httpx - INFO - HTTP Request: POST https://api.telegram.org/bot8246578993:AAGaUxNEW2LCIdh6qLp3Ee9fyTY0z8muMc4/getUpdates "HTTP/1.1 200 OK"
2025-08-06 21:04:57,277 - httpx - INFO - HTTP Request: POST https://api.telegram.org/bot8246578993:AAGaUxNEW2LCIdh6qLp3Ee9fyTY0z8muMc4/getUpdates "HTTP/1.1 200 OK"
2025-08-06 21:05:07,353 - httpx - INFO - HTTP Request: POST https://api.telegram.org/bot8246578993:AAGaUxNEW2LCIdh6qLp3Ee9fyTY0z8muMc4/getUpdates "HTTP/1.1 200 OK"
2025-08-06 21:05:11,443 - httpx - INFO - HTTP Request: POST https://api.telegram.org/bot8246578993:AAGaUxNEW2LCIdh6qLp3Ee9fyTY0z8muMc4/getUpdates "HTTP/1.1 200 OK"
2025-08-06 21:05:11,689 - httpx - INFO - HTTP Request: POST https://api.telegram.org/bot8246578993:AAGaUxNEW2LCIdh6qLp3Ee9fyTY0z8muMc4/sendMessage "HTTP/1.1 200 OK"
2025-08-06 21:05:12,109 - httpx - INFO - HTTP Request: POST https://api.telegram.org/bot8246578993:AAGaUxNEW2LCIdh6qLp3Ee9fyTY0z8muMc4/getFile "HTTP/1.1 200 OK"
2025-08-06 21:05:12,318 - httpx - INFO - HTTP Request: GET https://api.telegram.org/file/bot8246578993%3AAAGaUxNEW2LCIdh6qLp3Ee9fyTY0z8muMc4/documents/file_8.pdf "HTTP/1.1 200 OK"
2025-08-06 21:05:12,869 - config - INFO - Файл 11_2023.5-АПС.pdf скачан за 1.4с
2025-08-06 21:05:13,049 - httpx - INFO - HTTP Request: POST https://api.telegram.org/bot8246578993:AAGaUxNEW2LCIdh6qLp3Ee9fyTY0z8muMc4/editMessageText "HTTP/1.1 200 OK"
2025-08-06 21:05:13,050 - config - INFO - Начата обработка PDF: C:\Users\79604\Documents\GitHub\First_project\storage\temp_files\user_862070532_1754503511_2553bb.pdf
2025-08-06 21:05:21,515 - httpx - INFO - HTTP Request: POST https://api.telegram.org/bot8246578993:AAGaUxNEW2LCIdh6qLp3Ee9fyTY0z8muMc4/getUpdates "HTTP/1.1 200 OK"
2025-08-06 21:05:31,585 - httpx - INFO - HTTP Request: POST https://api.telegram.org/bot8246578993:AAGaUxNEW2LCIdh6qLp3Ee9fyTY0z8muMc4/getUpdates "HTTP/1.1 200 OK"
2025-08-06 21:05:41,656 - httpx - INFO - HTTP Request: POST https://api.telegram.org/bot8246578993:AAGaUxNEW2LCIdh6qLp3Ee9fyTY0z8muMc4/getUpdates "HTTP/1.1 200 OK"
2025-08-06 21:05:51,726 - httpx - INFO - HTTP Request: POST https://api.telegram.org/bot8246578993:AAGaUxNEW2LCIdh6qLp3Ee9fyTY0z8muMc4/getUpdates "HTTP/1.1 200 OK"
2025-08-06 21:06:01,797 - httpx - INFO - HTTP Request: POST https://api.telegram.org/bot8246578993:AAGaUxNEW2LCIdh6qLp3Ee9fyTY0z8muMc4/getUpdates "HTTP/1.1 200 OK"
2025-08-06 21:06:02,917 - config - ERROR - Ошибка на странице 1: name 'process_table' is not defined
2025-08-06 21:06:02,966 - config - ERROR - Ошибка на странице 2: name 'process_table' is not defined
2025-08-06 21:06:03,020 - config - ERROR - Ошибка на странице 3: name 'process_table' is not defined
2025-08-06 21:06:03,981 - config - ERROR - Ошибка на странице 4: name 'process_table' is not defined
2025-08-06 21:06:04,973 - config - ERROR - Ошибка на странице 5: name 'process_table' is not defined
2025-08-06 21:06:06,269 - config - ERROR - Ошибка на странице 6: name 'process_table' is not defined
2025-08-06 21:06:06,933 - config - ERROR - Ошибка на странице 7: name 'process_table' is not defined
2025-08-06 21:06:09,474 - config - ERROR - Ошибка на странице 8: name 'process_table' is not defined
2025-08-06 21:06:11,402 - config - ERROR - Ошибка на странице 9: name 'process_table' is not defined
2025-08-06 21:06:11,915 - httpx - INFO - HTTP Request: POST https://api.telegram.org/bot8246578993:AAGaUxNEW2LCIdh6qLp3Ee9fyTY0z8muMc4/getUpdates "HTTP/1.1 200 OK"
2025-08-06 21:06:13,381 - config - ERROR - Ошибка на странице 10: name 'process_table' is not defined
2025-08-06 21:06:15,216 - config - ERROR - Ошибка на странице 11: name 'process_table' is not defined
2025-08-06 21:06:16,606 - config - ERROR - Ошибка на странице 12: name 'process_table' is not defined
2025-08-06 21:06:22,109 - httpx - INFO - HTTP Request: POST https://api.telegram.org/bot8246578993:AAGaUxNEW2LCIdh6qLp3Ee9fyTY0z8muMc4/getUpdates "HTTP/1.1 200 OK"
2025-08-06 21:06:23,348 - config - ERROR - Ошибка на странице 13: name 'process_table' is not defined
2025-08-06 21:06:23,784 - config - ERROR - Ошибка на странице 14: name 'process_table' is not defined
2025-08-06 21:06:24,104 - config - ERROR - Ошибка на странице 15: name 'process_table' is not defined
2025-08-06 21:06:24,682 - config - ERROR - Ошибка на странице 16: name 'process_table' is not defined
2025-08-06 21:06:24,933 - config - ERROR - Ошибка на странице 17: name 'process_table' is not defined
2025-08-06 21:06:25,353 - config - ERROR - Ошибка на странице 18: name 'process_table' is not defined
2025-08-06 21:06:25,517 - config - INFO - Начат анализ 386 позиций
2025-08-06 21:06:26,250 - config - ERROR - Ошибка парсинга Eltex: 404 Client Error: Not Found for url: https://eltexcom.ru/search/?q=%D0%9E%D0%B1%D1%89%D0%B5%D1%81%D1%82%D0%B2%D0%BE+%D1%81+%D0%BE%D0%B3%D1%80%D0%B0%D0%BD%D0%B8%D1%87%D0%B5%D0%BD%D0%BD%D0%BE%D0%B9+%D0%BE%D1%82%D0%B2%D0%B5%D1%82%D1%81%D1%82%D0%B2%D0%B5%D0%BD%D0%BD%D0%BE%D1%81%D1%82%D1%8C%D1%8E+%D0%9F%D1%80%D0%BE%D0%B5%D0%BA%D1%82%D0%BD%D0%BE-%D1%81%D1%82%D1%80%D0%BE%D0%B8%D1%82%D0%B5%D0%BB%D1%8C%D0%BD%D0%B0%D1%8F+%D0%BA%D0%BE%D0%BC%D0%BF%D0%B0%D0%BD%D0%B8%D1%8F+%C2%AB%D0%A1%D0%BE%D0%B4%D1%80%D1%83%D0%B6%D0%B5%D1%81%D1%82%D0%B2%D0%BE%C2%BB+(%D0%9E%D0%9E%D0%9E+%D0%9F%D0%A1%D0%9A+%C2%AB%D0%A1%D0%BE%D0%B4%D1%80%D1%83%D0%B6%D0%B5%D1%81%D1%82%D0%B2%D0%BE%C2%BB)+344013,+%D0%A0%D0%BE%D1%81%D1%82%D0%BE%D0%B2-%D0%BD%D0%B0-%D0%94%D0%BE%D0%BD%D1%83,+%D1%83%D0%BB.+20%D0%B0%D1%8F+%D1%83%D0%BB%D0%B8%D1%86%D0%B0,+%D0%B4.62%D0%92,+%D1%82%D0%B5%D0%BB,+%D1%84%D0%B0%D0%BA%D1%81:+(863)+234-23-06,+e-mail:rostovpsk@yandex.ru+%D0%97%D0%B0%D0%BA%D0%B0%D0%B7%D1%87%D0%B8%D0%BA:+%D0%9C%D0%91%D0%94%D0%9E%D0%A3+%D0%B4/%D1%81+%E2%84%965+%C2%AB%D0%96%D1%83%D1%80%D0%B0%D0%B2%D0%BB%D0%B8%D0%BA%C2%BB+%D0%9A%D0%B0%D0%BF%D0%B8%D1%82%D0%B0%D0%BB%D1%8C%D0%BD%D1%8B%D0%B9+%D1%80%D0%B5%D0%BC%D0%BE%D0%BD%D1%82+%D0%9C%D0%91%D0%94%D0%9E%D0%A3+%D0%B4/%D1%81+%E2%84%965+%C2%AB%D0%96%D1%83%D1%80%D0%B0%D0%B2%D0%BB%D0%B8%D0%BA%C2%BB+%D0%BF%D0%BE+%D0%B0%D0%B4%D1%80%D0%B5%D1%81%D1%83:+%D0%90%D0%BA%D1%81%D0%B0%D0%B9%D1%81%D0%BA%D0%B8%D0%B9+%D1%80%D0%B0%D0%B9%D0%BE%D0%BD,+%D0%B3.+%D0%90%D0%BA%D1%81%D0%B0%D0%B9,+%D1%83%D0%BB%D0%B8%D1%86%D0%B0+%D0%A0%D0%B5%D0%B2%D0%BE%D0%BB%D1%8E%D1%86%D0%B8%D0%B8,+60+%D0%A0%D0%90%D0%91%D0%9E%D0%A7%D0%90%D0%AF+%D0%94%D0%9E%D0%9A%D0%A3%D0%9C%D0%95%D0%9D%D0%A2%D0%90%D0%A6%D0%98%D0%AF+%C2%AB%D0%90%D0%B2%D1%82%D0%BE%D0%BC%D0%B0%D1%82%D0%B8%D1%87%D0%B5%D1%81%D0%BA%D0%B0%D1%8F+%D0%BF%D0%BE%D0%B6%D0%B0%D1%80%D0%BD%D0%B0%D1%8F+%D1%81%D0%B8%D0%B3%D0%BD%D0%B0%D0%BB%D0%B8%D0%B7%D0%B0%D1%86%D0%B8%D1%8F%C2%BB+2023.5-%D0%90%D0%9F%D0%A1+%D0%A2%D0%BE%D0%BC+11+%D0%98%D0%B7%D0%BC.+%E2%84%96%D0%B4%D0%BE%D0%BA.+%D0%9F%D0%BE%D0%B4%D0%BF.+%D0%94%D0%B0%D1%82%D0%B0+2023+%D0%B3.
2025-08-06 21:06:26,251 - config - WARNING - Ошибка при запросе к Eltex (попытка 1): 404 Client Error: Not Found for url: https://eltexcom.ru/search/?q=%D0%9E%D0%B1%D1%89%D0%B5%D1%81%D1%82%D0%B2%D0%BE+%D1%81+%D0%BE%D0%B3%D1%80%D0%B0%D0%BD%D0%B8%D1%87%D0%B5%D0%BD%D0%BD%D0%BE%D0%B9+%D0%BE%D1%82%D0%B2%D0%B5%D1%82%D1%81%D1%82%D0%B2%D0%B5%D0%BD%D0%BD%D0%BE%D1%81%D1%82%D1%8C%D1%8E+%D0%9F%D1%80%D0%BE%D0%B5%D0%BA%D1%82%D0%BD%D0%BE-%D1%81%D1%82%D1%80%D0%BE%D0%B8%D1%82%D0%B5%D0%BB%D1%8C%D0%BD%D0%B0%D1%8F+%D0%BA%D0%BE%D0%BC%D0%BF%D0%B0%D0%BD%D0%B8%D1%8F+%C2%AB%D0%A1%D0%BE%D0%B4%D1%80%D1%83%D0%B6%D0%B5%D1%81%D1%82%D0%B2%D0%BE%C2%BB+(%D0%9E%D0%9E%D0%9E+%D0%9F%D0%A1%D0%9A+%C2%AB%D0%A1%D0%BE%D0%B4%D1%80%D1%83%D0%B6%D0%B5%D1%81%D1%82%D0%B2%D0%BE%C2%BB)+344013,+%D0%A0%D0%BE%D1%81%D1%82%D0%BE%D0%B2-%D0%BD%D0%B0-%D0%94%D0%BE%D0%BD%D1%83,+%D1%83%D0%BB.+20%D0%B0%D1%8F+%D1%83%D0%BB%D0%B8%D1%86%D0%B0,+%D0%B4.62%D0%92,+%D1%82%D0%B5%D0%BB,+%D1%84%D0%B0%D0%BA%D1%81:+(863)+234-23-06,+e-mail:rostovpsk@yandex.ru+%D0%97%D0%B0%D0%BA%D0%B0%D0%B7%D1%87%D0%B8%D0%BA:+%D0%9C%D0%91%D0%94%D0%9E%D0%A3+%D0%B4/%D1%81+%E2%84%965+%C2%AB%D0%96%D1%83%D1%80%D0%B0%D0%B2%D0%BB%D0%B8%D0%BA%C2%BB+%D0%9A%D0%B0%D0%BF%D0%B8%D1%82%D0%B0%D0%BB%D1%8C%D0%BD%D1%8B%D0%B9+%D1%80%D0%B5%D0%BC%D0%BE%D0%BD%D1%82+%D0%9C%D0%91%D0%94%D0%9E%D0%A3+%D0%B4/%D1%81+%E2%84%965+%C2%AB%D0%96%D1%83%D1%80%D0%B0%D0%B2%D0%BB%D0%B8%D0%BA%C2%BB+%D0%BF%D0%BE+%D0%B0%D0%B4%D1%80%D0%B5%D1%81%D1%83:+%D0%90%D0%BA%D1%81%D0%B0%D0%B9%D1%81%D0%BA%D0%B8%D0%B9+%D1%80%D0%B0%D0%B9%D0%BE%D0%BD,+%D0%B3.+%D0%90%D0%BA%D1%81%D0%B0%D0%B9,+%D1%83%D0%BB%D0%B8%D1%86%D0%B0+%D0%A0%D0%B5%D0%B2%D0%BE%D0%BB%D1%8E%D1%86%D0%B8%D0%B8,+60+%D0%A0%D0%90%D0%91%D0%9E%D0%A7%D0%90%D0%AF+%D0%94%D0%9E%D0%9A%D0%A3%D0%9C%D0%95%D0%9D%D0%A2%D0%90%D0%A6%D0%98%D0%AF+%C2%AB%D0%90%D0%B2%D1%82%D0%BE%D0%BC%D0%B0%D1%82%D0%B8%D1%87%D0%B5%D1%81%D0%BA%D0%B0%D1%8F+%D0%BF%D0%BE%D0%B6%D0%B0%D1%80%D0%BD%D0%B0%D1%8F+%D1%81%D0%B8%D0%B3%D0%BD%D0%B0%D0%BB%D0%B8%D0%B7%D0%B0%D1%86%D0%B8%D1%8F%C2%BB+2023.5-%D0%90%D0%9F%D0%A1+%D0%A2%D0%BE%D0%BC+11+%D0%98%D0%B7%D0%BC.+%E2%84%96%D0%B4%D0%BE%D0%BA.+%D0%9F%D0%BE%D0%B4%D0%BF.+%D0%94%D0%B0%D1%82%D0%B0+2023+%D0%B3.
2025-08-06 21:06:28,163 - config - ERROR - Ошибка парсинга Eltex: 404 Client Error: Not Found for url: https://eltexcom.ru/search/?q=%D0%9E%D0%B1%D1%89%D0%B5%D1%81%D1%82%D0%B2%D0%BE+%D1%81+%D0%BE%D0%B3%D1%80%D0%B0%D0%BD%D0%B8%D1%87%D0%B5%D0%BD%D0%BD%D0%BE%D0%B9+%D0%BE%D1%82%D0%B2%D0%B5%D1%82%D1%81%D1%82%D0%B2%D0%B5%D0%BD%D0%BD%D0%BE%D1%81%D1%82%D1%8C%D1%8E+%D0%9F%D1%80%D0%BE%D0%B5%D0%BA%D1%82%D0%BD%D0%BE-%D1%81%D1%82%D1%80%D0%BE%D0%B8%D1%82%D0%B5%D0%BB%D1%8C%D0%BD%D0%B0%D1%8F+%D0%BA%D0%BE%D0%BC%D0%BF%D0%B0%D0%BD%D0%B8%D1%8F+%C2%AB%D0%A1%D0%BE%D0%B4%D1%80%D1%83%D0%B6%D0%B5%D1%81%D1%82%D0%B2%D0%BE%C2%BB+(%D0%9E%D0%9E%D0%9E+%D0%9F%D0%A1%D0%9A+%C2%AB%D0%A1%D0%BE%D0%B4%D1%80%D1%83%D0%B6%D0%B5%D1%81%D1%82%D0%B2%D0%BE%C2%BB)+344013,+%D0%A0%D0%BE%D1%81%D1%82%D0%BE%D0%B2-%D0%BD%D0%B0-%D0%94%D0%BE%D0%BD%D1%83,+%D1%83%D0%BB.+20%D0%B0%D1%8F+%D1%83%D0%BB%D0%B8%D1%86%D0%B0,+%D0%B4.62%D0%92,+%D1%82%D0%B5%D0%BB,+%D1%84%D0%B0%D0%BA%D1%81:+(863)+234-23-06,+e-mail:rostovpsk@yandex.ru+%D0%97%D0%B0%D0%BA%D0%B0%D0%B7%D1%87%D0%B8%D0%BA:+%D0%9C%D0%91%D0%94%D0%9E%D0%A3+%D0%B4/%D1%81+%E2%84%965+%C2%AB%D0%96%D1%83%D1%80%D0%B0%D0%B2%D0%BB%D0%B8%D0%BA%C2%BB+%D0%9A%D0%B0%D0%BF%D0%B8%D1%82%D0%B0%D0%BB%D1%8C%D0%BD%D1%8B%D0%B9+%D1%80%D0%B5%D0%BC%D0%BE%D0%BD%D1%82+%D0%9C%D0%91%D0%94%D0%9E%D0%A3+%D0%B4/%D1%81+%E2%84%965+%C2%AB%D0%96%D1%83%D1%80%D0%B0%D0%B2%D0%BB%D0%B8%D0%BA%C2%BB+%D0%BF%D0%BE+%D0%B0%D0%B4%D1%80%D0%B5%D1%81%D1%83:+%D0%90%D0%BA%D1%81%D0%B0%D0%B9%D1%81%D0%BA%D0%B8%D0%B9+%D1%80%D0%B0%D0%B9%D0%BE%D0%BD,+%D0%B3.+%D0%90%D0%BA%D1%81%D0%B0%D0%B9,+%D1%83%D0%BB%D0%B8%D1%86%D0%B0+%D0%A0%D0%B5%D0%B2%D0%BE%D0%BB%D1%8E%D1%86%D0%B8%D0%B8,+60+%D0%A0%D0%90%D0%91%D0%9E%D0%A7%D0%90%D0%AF+%D0%94%D0%9E%D0%9A%D0%A3%D0%9C%D0%95%D0%9D%D0%A2%D0%90%D0%A6%D0%98%D0%AF+%C2%AB%D0%90%D0%B2%D1%82%D0%BE%D0%BC%D0%B0%D1%82%D0%B8%D1%87%D0%B5%D1%81%D0%BA%D0%B0%D1%8F+%D0%BF%D0%BE%D0%B6%D0%B0%D1%80%D0%BD%D0%B0%D1%8F+%D1%81%D0%B8%D0%B3%D0%BD%D0%B0%D0%BB%D0%B8%D0%B7%D0%B0%D1%86%D0%B8%D1%8F%C2%BB+2023.5-%D0%90%D0%9F%D0%A1+%D0%A2%D0%BE%D0%BC+11+%D0%98%D0%B7%D0%BC.+%E2%84%96%D0%B4%D0%BE%D0%BA.+%D0%9F%D0%BE%D0%B4%D0%BF.+%D0%94%D0%B0%D1%82%D0%B0+2023+%D0%B3.
2025-08-06 21:06:28,165 - config - WARNING - Ошибка при запросе к Eltex (попытка 2): 404 Client Error: Not Found for url: https://eltexcom.ru/search/?q=%D0%9E%D0%B1%D1%89%D0%B5%D1%81%D1%82%D0%B2%D0%BE+%D1%81+%D0%BE%D0%B3%D1%80%D0%B0%D0%BD%D0%B8%D1%87%D0%B5%D0%BD%D0%BD%D0%BE%D0%B9+%D0%BE%D1%82%D0%B2%D0%B5%D1%82%D1%81%D1%82%D0%B2%D0%B5%D0%BD%D0%BD%D0%BE%D1%81%D1%82%D1%8C%D1%8E+%D0%9F%D1%80%D0%BE%D0%B5%D0%BA%D1%82%D0%BD%D0%BE-%D1%81%D1%82%D1%80%D0%BE%D0%B8%D1%82%D0%B5%D0%BB%D1%8C%D0%BD%D0%B0%D1%8F+%D0%BA%D0%BE%D0%BC%D0%BF%D0%B0%D0%BD%D0%B8%D1%8F+%C2%AB%D0%A1%D0%BE%D0%B4%D1%80%D1%83%D0%B6%D0%B5%D1%81%D1%82%D0%B2%D0%BE%C2%BB+(%D0%9E%D0%9E%D0%9E+%D0%9F%D0%A1%D0%9A+%C2%AB%D0%A1%D0%BE%D0%B4%D1%80%D1%83%D0%B6%D0%B5%D1%81%D1%82%D0%B2%D0%BE%C2%BB)+344013,+%D0%A0%D0%BE%D1%81%D1%82%D0%BE%D0%B2-%D0%BD%D0%B0-%D0%94%D0%BE%D0%BD%D1%83,+%D1%83%D0%BB.+20%D0%B0%D1%8F+%D1%83%D0%BB%D0%B8%D1%86%D0%B0,+%D0%B4.62%D0%92,+%D1%82%D0%B5%D0%BB,+%D1%84%D0%B0%D0%BA%D1%81:+(863)+234-23-06,+e-mail:rostovpsk@yandex.ru+%D0%97%D0%B0%D0%BA%D0%B0%D0%B7%D1%87%D0%B8%D0%BA:+%D0%9C%D0%91%D0%94%D0%9E%D0%A3+%D0%B4/%D1%81+%E2%84%965+%C2%AB%D0%96%D1%83%D1%80%D0%B0%D0%B2%D0%BB%D0%B8%D0%BA%C2%BB+%D0%9A%D0%B0%D0%BF%D0%B8%D1%82%D0%B0%D0%BB%D1%8C%D0%BD%D1%8B%D0%B9+%D1%80%D0%B5%D0%BC%D0%BE%D0%BD%D1%82+%D0%9C%D0%91%D0%94%D0%9E%D0%A3+%D0%B4/%D1%81+%E2%84%965+%C2%AB%D0%96%D1%83%D1%80%D0%B0%D0%B2%D0%BB%D0%B8%D0%BA%C2%BB+%D0%BF%D0%BE+%D0%B0%D0%B4%D1%80%D0%B5%D1%81%D1%83:+%D0%90%D0%BA%D1%81%D0%B0%D0%B9%D1%81%D0%BA%D0%B8%D0%B9+%D1%80%D0%B0%D0%B9%D0%BE%D0%BD,+%D0%B3.+%D0%90%D0%BA%D1%81%D0%B0%D0%B9,+%D1%83%D0%BB%D0%B8%D1%86%D0%B0+%D0%A0%D0%B5%D0%B2%D0%BE%D0%BB%D1%8E%D1%86%D0%B8%D0%B8,+60+%D0%A0%D0%90%D0%91%D0%9E%D0%A7%D0%90%D0%AF+%D0%94%D0%9E%D0%9A%D0%A3%D0%9C%D0%95%D0%9D%D0%A2%D0%90%D0%A6%D0%98%D0%AF+%C2%AB%D0%90%D0%B2%D1%82%D0%BE%D0%BC%D0%B0%D1%82%D0%B8%D1%87%D0%B5%D1%81%D0%BA%D0%B0%D1%8F+%D0%BF%D0%BE%D0%B6%D0%B0%D1%80%D0%BD%D0%B0%D1%8F+%D1%81%D0%B8%D0%B3%D0%BD%D0%B0%D0%BB%D0%B8%D0%B7%D0%B0%D1%86%D0%B8%D1%8F%C2%BB+2023.5-%D0%90%D0%9F%D0%A1+%D0%A2%D0%BE%D0%BC+11+%D0%98%D0%B7%D0%BC.+%E2%84%96%D0%B4%D0%BE%D0%BA.+%D0%9F%D0%BE%D0%B4%D0%BF.+%D0%94%D0%B0%D1%82%D0%B0+2023+%D0%B3.
2025-08-06 21:06:31,587 - config - ERROR - Ошибка парсинга Eltex: 404 Client Error: Not Found for url: https://eltexcom.ru/search/?q=%D0%9E%D0%B1%D1%89%D0%B5%D1%81%D1%82%D0%B2%D0%BE+%D1%81+%D0%BE%D0%B3%D1%80%D0%B0%D0%BD%D0%B8%D1%87%D0%B5%D0%BD%D0%BD%D0%BE%D0%B9+%D0%BE%D1%82%D0%B2%D0%B5%D1%82%D1%81%D1%82%D0%B2%D0%B5%D0%BD%D0%BD%D0%BE%D1%81%D1%82%D1%8C%D1%8E+%D0%9F%D1%80%D0%BE%D0%B5%D0%BA%D1%82%D0%BD%D0%BE-%D1%81%D1%82%D1%80%D0%BE%D0%B8%D1%82%D0%B5%D0%BB%D1%8C%D0%BD%D0%B0%D1%8F+%D0%BA%D0%BE%D0%BC%D0%BF%D0%B0%D0%BD%D0%B8%D1%8F+%C2%AB%D0%A1%D0%BE%D0%B4%D1%80%D1%83%D0%B6%D0%B5%D1%81%D1%82%D0%B2%D0%BE%C2%BB+(%D0%9E%D0%9E%D0%9E+%D0%9F%D0%A1%D0%9A+%C2%AB%D0%A1%D0%BE%D0%B4%D1%80%D1%83%D0%B6%D0%B5%D1%81%D1%82%D0%B2%D0%BE%C2%BB)+344013,+%D0%A0%D0%BE%D1%81%D1%82%D0%BE%D0%B2-%D0%BD%D0%B0-%D0%94%D0%BE%D0%BD%D1%83,+%D1%83%D0%BB.+20%D0%B0%D1%8F+%D1%83%D0%BB%D0%B8%D1%86%D0%B0,+%D0%B4.62%D0%92,+%D1%82%D0%B5%D0%BB,+%D1%84%D0%B0%D0%BA%D1%81:+(863)+234-23-06,+e-mail:rostovpsk@yandex.ru+%D0%97%D0%B0%D0%BA%D0%B0%D0%B7%D1%87%D0%B8%D0%BA:+%D0%9C%D0%91%D0%94%D0%9E%D0%A3+%D0%B4/%D1%81+%E2%84%965+%C2%AB%D0%96%D1%83%D1%80%D0%B0%D0%B2%D0%BB%D0%B8%D0%BA%C2%BB+%D0%9A%D0%B0%D0%BF%D0%B8%D1%82%D0%B0%D0%BB%D1%8C%D0%BD%D1%8B%D0%B9+%D1%80%D0%B5%D0%BC%D0%BE%D0%BD%D1%82+%D0%9C%D0%91%D0%94%D0%9E%D0%A3+%D0%B4/%D1%81+%E2%84%965+%C2%AB%D0%96%D1%83%D1%80%D0%B0%D0%B2%D0%BB%D0%B8%D0%BA%C2%BB+%D0%BF%D0%BE+%D0%B0%D0%B4%D1%80%D0%B5%D1%81%D1%83:+%D0%90%D0%BA%D1%81%D0%B0%D0%B9%D1%81%D0%BA%D0%B8%D0%B9+%D1%80%D0%B0%D0%B9%D0%BE%D0%BD,+%D0%B3.+%D0%90%D0%BA%D1%81%D0%B0%D0%B9,+%D1%83%D0%BB%D0%B8%D1%86%D0%B0+%D0%A0%D0%B5%D0%B2%D0%BE%D0%BB%D1%8E%D1%86%D0%B8%D0%B8,+60+%D0%A0%D0%90%D0%91%D0%9E%D0%A7%D0%90%D0%AF+%D0%94%D0%9E%D0%9A%D0%A3%D0%9C%D0%95%D0%9D%D0%A2%D0%90%D0%A6%D0%98%D0%AF+%C2%AB%D0%90%D0%B2%D1%82%D0%BE%D0%BC%D0%B0%D1%82%D0%B8%D1%87%D0%B5%D1%81%D0%BA%D0%B0%D1%8F+%D0%BF%D0%BE%D0%B6%D0%B0%D1%80%D0%BD%D0%B0%D1%8F+%D1%81%D0%B8%D0%B3%D0%BD%D0%B0%D0%BB%D0%B8%D0%B7%D0%B0%D1%86%D0%B8%D1%8F%C2%BB+2023.5-%D0%90%D0%9F%D0%A1+%D0%A2%D0%BE%D0%BC+11+%D0%98%D0%B7%D0%BC.+%E2%84%96%D0%B4%D0%BE%D0%BA.+%D0%9F%D0%BE%D0%B4%D0%BF.+%D0%94%D0%B0%D1%82%D0%B0+2023+%D0%B3.
2025-08-06 21:06:31,587 - config - WARNING - Ошибка при запросе к Eltex (попытка 3): 404 Client Error: Not Found for url: https://eltexcom.ru/search/?q=%D0%9E%D0%B1%D1%89%D0%B5%D1%81%D1%82%D0%B2%D0%BE+%D1%81+%D0%BE%D0%B3%D1%80%D0%B0%D0%BD%D0%B8%D1%87%D0%B5%D0%BD%D0%BD%D0%BE%D0%B9+%D0%BE%D1%82%D0%B2%D0%B5%D1%82%D1%81%D1%82%D0%B2%D0%B5%D0%BD%D0%BD%D0%BE%D1%81%D1%82%D1%8C%D1%8E+%D0%9F%D1%80%D0%BE%D0%B5%D0%BA%D1%82%D0%BD%D0%BE-%D1%81%D1%82%D1%80%D0%BE%D0%B8%D1%82%D0%B5%D0%BB%D1%8C%D0%BD%D0%B0%D1%8F+%D0%BA%D0%BE%D0%BC%D0%BF%D0%B0%D0%BD%D0%B8%D1%8F+%C2%AB%D0%A1%D0%BE%D0%B4%D1%80%D1%83%D0%B6%D0%B5%D1%81%D1%82%D0%B2%D0%BE%C2%BB+(%D0%9E%D0%9E%D0%9E+%D0%9F%D0%A1%D0%9A+%C2%AB%D0%A1%D0%BE%D0%B4%D1%80%D1%83%D0%B6%D0%B5%D1%81%D1%82%D0%B2%D0%BE%C2%BB)+344013,+%D0%A0%D0%BE%D1%81%D1%82%D0%BE%D0%B2-%D0%BD%D0%B0-%D0%94%D0%BE%D0%BD%D1%83,+%D1%83%D0%BB.+20%D0%B0%D1%8F+%D1%83%D0%BB%D0%B8%D1%86%D0%B0,+%D0%B4.62%D0%92,+%D1%82%D0%B5%D0%BB,+%D1%84%D0%B0%D0%BA%D1%81:+(863)+234-23-06,+e-mail:rostovpsk@yandex.ru+%D0%97%D0%B0%D0%BA%D0%B0%D0%B7%D1%87%D0%B8%D0%BA:+%D0%9C%D0%91%D0%94%D0%9E%D0%A3+%D0%B4/%D1%81+%E2%84%965+%C2%AB%D0%96%D1%83%D1%80%D0%B0%D0%B2%D0%BB%D0%B8%D0%BA%C2%BB+%D0%9A%D0%B0%D0%BF%D0%B8%D1%82%D0%B0%D0%BB%D1%8C%D0%BD%D1%8B%D0%B9+%D1%80%D0%B5%D0%BC%D0%BE%D0%BD%D1%82+%D0%9C%D0%91%D0%94%D0%9E%D0%A3+%D0%B4/%D1%81+%E2%84%965+%C2%AB%D0%96%D1%83%D1%80%D0%B0%D0%B2%D0%BB%D0%B8%D0%BA%C2%BB+%D0%BF%D0%BE+%D0%B0%D0%B4%D1%80%D0%B5%D1%81%D1%83:+%D0%90%D0%BA%D1%81%D0%B0%D0%B9%D1%81%D0%BA%D0%B8%D0%B9+%D1%80%D0%B0%D0%B9%D0%BE%D0%BD,+%D0%B3.+%D0%90%D0%BA%D1%81%D0%B0%D0%B9,+%D1%83%D0%BB%D0%B8%D1%86%D0%B0+%D0%A0%D0%B5%D0%B2%D0%BE%D0%BB%D1%8E%D1%86%D0%B8%D0%B8,+60+%D0%A0%D0%90%D0%91%D0%9E%D0%A7%D0%90%D0%AF+%D0%94%D0%9E%D0%9A%D0%A3%D0%9C%D0%95%D0%9D%D0%A2%D0%90%D0%A6%D0%98%D0%AF+%C2%AB%D0%90%D0%B2%D1%82%D0%BE%D0%BC%D0%B0%D1%82%D0%B8%D1%87%D0%B5%D1%81%D0%BA%D0%B0%D1%8F+%D0%BF%D0%BE%D0%B6%D0%B0%D1%80%D0%BD%D0%B0%D1%8F+%D1%81%D0%B8%D0%B3%D0%BD%D0%B0%D0%BB%D0%B8%D0%B7%D0%B0%D1%86%D0%B8%D1%8F%C2%BB+2023.5-%D0%90%D0%9F%D0%A1+%D0%A2%D0%BE%D0%BC+11+%D0%98%D0%B7%D0%BC.+%E2%84%96%D0%B4%D0%BE%D0%BA.+%D0%9F%D0%BE%D0%B4%D0%BF.+%D0%94%D0%B0%D1%82%D0%B0+2023+%D0%B3.
2025-08-06 21:06:32,296 - httpx - INFO - HTTP Request: POST https://api.telegram.org/bot8246578993:AAGaUxNEW2LCIdh6qLp3Ee9fyTY0z8muMc4/getUpdates "HTTP/1.1 200 OK"
2025-08-06 21:06:42,367 - httpx - INFO - HTTP Request: POST https://api.telegram.org/bot8246578993:AAGaUxNEW2LCIdh6qLp3Ee9fyTY0z8muMc4/getUpdates "HTTP/1.1 200 OK"
2025-08-06 21:06:52,439 - httpx - INFO - HTTP Request: POST https://api.telegram.org/bot8246578993:AAGaUxNEW2LCIdh6qLp3Ee9fyTY0z8muMc4/getUpdates "HTTP/1.1 200 OK"
2025-08-06 21:06:58,298 - config - ERROR - Ошибка парсинга ETM: 404 Client Error: Not Found for url: https://www.etm.ru/search?q=%D0%9E%D0%B1%D1%89%D0%B5%D1%81%D1%82%D0%B2%D0%BE+%D1%81+%D0%BE%D0%B3%D1%80%D0%B0%D0%BD%D0%B8%D1%87%D0%B5%D0%BD%D0%BD%D0%BE%D0%B9+%D0%BE%D1%82%D0%B2%D0%B5%D1%82%D1%81%D1%82%D0%B2%D0%B5%D0%BD%D0%BD%D0%BE%D1%81%D1%82%D1%8C%D1%8E+%D0%9F%D1%80%D0%BE%D0%B5%D0%BA%D1%82%D0%BD%D0%BE-%D1%81%D1%82%D1%80%D0%BE%D0%B8%D1%82%D0%B5%D0%BB%D1%8C%D0%BD%D0%B0%D1%8F+%D0%BA%D0%BE%D0%BC%D0%BF%D0%B0%D0%BD%D0%B8%D1%8F+%C2%AB%D0%A1%D0%BE%D0%B4%D1%80%D1%83%D0%B6%D0%B5%D1%81%D1%82%D0%B2%D0%BE%C2%BB+(%D0%9E%D0%9E%D0%9E+%D0%9F%D0%A1%D0%9A+%C2%AB%D0%A1%D0%BE%D0%B4%D1%80%D1%83%D0%B6%D0%B5%D1%81%D1%82%D0%B2%D0%BE%C2%BB)+344013,+%D0%A0%D0%BE%D1%81%D1%82%D0%BE%D0%B2-%D0%BD%D0%B0-%D0%94%D0%BE%D0%BD%D1%83,+%D1%83%D0%BB.+20%D0%B0%D1%8F+%D1%83%D0%BB%D0%B8%D1%86%D0%B0,+%D0%B4.62%D0%92,+%D1%82%D0%B5%D0%BB,+%D1%84%D0%B0%D0%BA%D1%81:+(863)+234-23-06,+e-mail:rostovpsk@yandex.ru+%D0%97%D0%B0%D0%BA%D0%B0%D0%B7%D1%87%D0%B8%D0%BA:+%D0%9C%D0%91%D0%94%D0%9E%D0%A3+%D0%B4/%D1%81+%E2%84%965+%C2%AB%D0%96%D1%83%D1%80%D0%B0%D0%B2%D0%BB%D0%B8%D0%BA%C2%BB+%D0%9A%D0%B0%D0%BF%D0%B8%D1%82%D0%B0%D0%BB%D1%8C%D0%BD%D1%8B%D0%B9+%D1%80%D0%B5%D0%BC%D0%BE%D0%BD%D1%82+%D0%9C%D0%91%D0%94%D0%9E%D0%A3+%D0%B4/%D1%81+%E2%84%965+%C2%AB%D0%96%D1%83%D1%80%D0%B0%D0%B2%D0%BB%D0%B8%D0%BA%C2%BB+%D0%BF%D0%BE+%D0%B0%D0%B4%D1%80%D0%B5%D1%81%D1%83:+%D0%90%D0%BA%D1%81%D0%B0%D0%B9%D1%81%D0%BA%D0%B8%D0%B9+%D1%80%D0%B0%D0%B9%D0%BE%D0%BD,+%D0%B3.+%D0%90%D0%BA%D1%81%D0%B0%D0%B9,+%D1%83%D0%BB%D0%B8%D1%86%D0%B0+%D0%A0%D0%B5%D0%B2%D0%BE%D0%BB%D1%8E%D1%86%D0%B8%D0%B8,+60+%D0%A0%D0%90%D0%91%D0%9E%D0%A7%D0%90%D0%AF+%D0%94%D0%9E%D0%9A%D0%A3%D0%9C%D0%95%D0%9D%D0%A2%D0%90%D0%A6%D0%98%D0%AF+%C2%AB%D0%90%D0%B2%D1%82%D0%BE%D0%BC%D0%B0%D1%82%D0%B8%D1%87%D0%B5%D1%81%D0%BA%D0%B0%D1%8F+%D0%BF%D0%BE%D0%B6%D0%B0%D1%80%D0%BD%D0%B0%D1%8F+%D1%81%D0%B8%D0%B3%D0%BD%D0%B0%D0%BB%D0%B8%D0%B7%D0%B0%D1%86%D0%B8%D1%8F%C2%BB+2023.5-%D0%90%D0%9F%D0%A1+%D0%A2%D0%BE%D0%BC+11+%D0%98%D0%B7%D0%BC.+%E2%84%96%D0%B4%D0%BE%D0%BA.+%D0%9F%D0%BE%D0%B4%D0%BF.+%D0%94%D0%B0%D1%82%D0%B0+2023+%D0%B3.
2025-08-06 21:06:58,299 - config - WARNING - Ошибка при запросе к ETM (попытка 1): 404 Client Error: Not Found for url: https://www.etm.ru/search?q=%D0%9E%D0%B1%D1%89%D0%B5%D1%81%D1%82%D0%B2%D0%BE+%D1%81+%D0%BE%D0%B3%D1%80%D0%B0%D0%BD%D0%B8%D1%87%D0%B5%D0%BD%D0%BD%D0%BE%D0%B9+%D0%BE%D1%82%D0%B2%D0%B5%D1%82%D1%81%D1%82%D0%B2%D0%B5%D0%BD%D0%BD%D0%BE%D1%81%D1%82%D1%8C%D1%8E+%D0%9F%D1%80%D0%BE%D0%B5%D0%BA%D1%82%D0%BD%D0%BE-%D1%81%D1%82%D1%80%D0%BE%D0%B8%D1%82%D0%B5%D0%BB%D1%8C%D0%BD%D0%B0%D1%8F+%D0%BA%D0%BE%D0%BC%D0%BF%D0%B0%D0%BD%D0%B8%D1%8F+%C2%AB%D0%A1%D0%BE%D0%B4%D1%80%D1%83%D0%B6%D0%B5%D1%81%D1%82%D0%B2%D0%BE%C2%BB+(%D0%9E%D0%9E%D0%9E+%D0%9F%D0%A1%D0%9A+%C2%AB%D0%A1%D0%BE%D0%B4%D1%80%D1%83%D0%B6%D0%B5%D1%81%D1%82%D0%B2%D0%BE%C2%BB)+344013,+%D0%A0%D0%BE%D1%81%D1%82%D0%BE%D0%B2-%D0%BD%D0%B0-%D0%94%D0%BE%D0%BD%D1%83,+%D1%83%D0%BB.+20%D0%B0%D1%8F+%D1%83%D0%BB%D0%B8%D1%86%D0%B0,+%D0%B4.62%D0%92,+%D1%82%D0%B5%D0%BB,+%D1%84%D0%B0%D0%BA%D1%81:+(863)+234-23-06,+e-mail:rostovpsk@yandex.ru+%D0%97%D0%B0%D0%BA%D0%B0%D0%B7%D1%87%D0%B8%D0%BA:+%D0%9C%D0%91%D0%94%D0%9E%D0%A3+%D0%B4/%D1%81+%E2%84%965+%C2%AB%D0%96%D1%83%D1%80%D0%B0%D0%B2%D0%BB%D0%B8%D0%BA%C2%BB+%D0%9A%D0%B0%D0%BF%D0%B8%D1%82%D0%B0%D0%BB%D1%8C%D0%BD%D1%8B%D0%B9+%D1%80%D0%B5%D0%BC%D0%BE%D0%BD%D1%82+%D0%9C%D0%91%D0%94%D0%9E%D0%A3+%D0%B4/%D1%81+%E2%84%965+%C2%AB%D0%96%D1%83%D1%80%D0%B0%D0%B2%D0%BB%D0%B8%D0%BA%C2%BB+%D0%BF%D0%BE+%D0%B0%D0%B4%D1%80%D0%B5%D1%81%D1%83:+%D0%90%D0%BA%D1%81%D0%B0%D0%B9%D1%81%D0%BA%D0%B8%D0%B9+%D1%80%D0%B0%D0%B9%D0%BE%D0%BD,+%D0%B3.+%D0%90%D0%BA%D1%81%D0%B0%D0%B9,+%D1%83%D0%BB%D0%B8%D1%86%D0%B0+%D0%A0%D0%B5%D0%B2%D0%BE%D0%BB%D1%8E%D1%86%D0%B8%D0%B8,+60+%D0%A0%D0%90%D0%91%D0%9E%D0%A7%D0%90%D0%AF+%D0%94%D0%9E%D0%9A%D0%A3%D0%9C%D0%95%D0%9D%D0%A2%D0%90%D0%A6%D0%98%D0%AF+%C2%AB%D0%90%D0%B2%D1%82%D0%BE%D0%BC%D0%B0%D1%82%D0%B8%D1%87%D0%B5%D1%81%D0%BA%D0%B0%D1%8F+%D0%BF%D0%BE%D0%B6%D0%B0%D1%80%D0%BD%D0%B0%D1%8F+%D1%81%D0%B8%D0%B3%D0%BD%D0%B0%D0%BB%D0%B8%D0%B7%D0%B0%D1%86%D0%B8%D1%8F%C2%BB+2023.5-%D0%90%D0%9F%D0%A1+%D0%A2%D0%BE%D0%BC+11+%D0%98%D0%B7%D0%BC.+%E2%84%96%D0%B4%D0%BE%D0%BA.+%D0%9F%D0%BE%D0%B4%D0%BF.+%D0%94%D0%B0%D1%82%D0%B0+2023+%D0%B3.
2025-08-06 21:07:00,511 - config - ERROR - Ошибка парсинга ETM: 404 Client Error: Not Found for url: https://www.etm.ru/search?q=%D0%9E%D0%B1%D1%89%D0%B5%D1%81%D1%82%D0%B2%D0%BE+%D1%81+%D0%BE%D0%B3%D1%80%D0%B0%D0%BD%D0%B8%D1%87%D0%B5%D0%BD%D0%BD%D0%BE%D0%B9+%D0%BE%D1%82%D0%B2%D0%B5%D1%82%D1%81%D1%82%D0%B2%D0%B5%D0%BD%D0%BD%D0%BE%D1%81%D1%82%D1%8C%D1%8E+%D0%9F%D1%80%D0%BE%D0%B5%D0%BA%D1%82%D0%BD%D0%BE-%D1%81%D1%82%D1%80%D0%BE%D0%B8%D1%82%D0%B5%D0%BB%D1%8C%D0%BD%D0%B0%D1%8F+%D0%BA%D0%BE%D0%BC%D0%BF%D0%B0%D0%BD%D0%B8%D1%8F+%C2%AB%D0%A1%D0%BE%D0%B4%D1%80%D1%83%D0%B6%D0%B5%D1%81%D1%82%D0%B2%D0%BE%C2%BB+(%D0%9E%D0%9E%D0%9E+%D0%9F%D0%A1%D0%9A+%C2%AB%D0%A1%D0%BE%D0%B4%D1%80%D1%83%D0%B6%D0%B5%D1%81%D1%82%D0%B2%D0%BE%C2%BB)+344013,+%D0%A0%D0%BE%D1%81%D1%82%D0%BE%D0%B2-%D0%BD%D0%B0-%D0%94%D0%BE%D0%BD%D1%83,+%D1%83%D0%BB.+20%D0%B0%D1%8F+%D1%83%D0%BB%D0%B8%D1%86%D0%B0,+%D0%B4.62%D0%92,+%D1%82%D0%B5%D0%BB,+%D1%84%D0%B0%D0%BA%D1%81:+(863)+234-23-06,+e-mail:rostovpsk@yandex.ru+%D0%97%D0%B0%D0%BA%D0%B0%D0%B7%D1%87%D0%B8%D0%BA:+%D0%9C%D0%91%D0%94%D0%9E%D0%A3+%D0%B4/%D1%81+%E2%84%965+%C2%AB%D0%96%D1%83%D1%80%D0%B0%D0%B2%D0%BB%D0%B8%D0%BA%C2%BB+%D0%9A%D0%B0%D0%BF%D0%B8%D1%82%D0%B0%D0%BB%D1%8C%D0%BD%D1%8B%D0%B9+%D1%80%D0%B5%D0%BC%D0%BE%D0%BD%D1%82+%D0%9C%D0%91%D0%94%D0%9E%D0%A3+%D0%B4/%D1%81+%E2%84%965+%C2%AB%D0%96%D1%83%D1%80%D0%B0%D0%B2%D0%BB%D0%B8%D0%BA%C2%BB+%D0%BF%D0%BE+%D0%B0%D0%B4%D1%80%D0%B5%D1%81%D1%83:+%D0%90%D0%BA%D1%81%D0%B0%D0%B9%D1%81%D0%BA%D0%B8%D0%B9+%D1%80%D0%B0%D0%B9%D0%BE%D0%BD,+%D0%B3.+%D0%90%D0%BA%D1%81%D0%B0%D0%B9,+%D1%83%D0%BB%D0%B8%D1%86%D0%B0+%D0%A0%D0%B5%D0%B2%D0%BE%D0%BB%D1%8E%D1%86%D0%B8%D0%B8,+60+%D0%A0%D0%90%D0%91%D0%9E%D0%A7%D0%90%D0%AF+%D0%94%D0%9E%D0%9A%D0%A3%D0%9C%D0%95%D0%9D%D0%A2%D0%90%D0%A6%D0%98%D0%AF+%C2%AB%D0%90%D0%B2%D1%82%D0%BE%D0%BC%D0%B0%D1%82%D0%B8%D1%87%D0%B5%D1%81%D0%BA%D0%B0%D1%8F+%D0%BF%D0%BE%D0%B6%D0%B0%D1%80%D0%BD%D0%B0%D1%8F+%D1%81%D0%B8%D0%B3%D0%BD%D0%B0%D0%BB%D0%B8%D0%B7%D0%B0%D1%86%D0%B8%D1%8F%C2%BB+2023.5-%D0%90%D0%9F%D0%A1+%D0%A2%D0%BE%D0%BC+11+%D0%98%D0%B7%D0%BC.+%E2%84%96%D0%B4%D0%BE%D0%BA.+%D0%9F%D0%BE%D0%B4%D0%BF.+%D0%94%D0%B0%D1%82%D0%B0+2023+%D0%B3.
2025-08-06 21:07:00,512 - config - WARNING - Ошибка при запросе к ETM (попытка 2): 404 Client Error: Not Found for url: https://www.etm.ru/search?q=%D0%9E%D0%B1%D1%89%D0%B5%D1%81%D1%82%D0%B2%D0%BE+%D1%81+%D0%BE%D0%B3%D1%80%D0%B0%D0%BD%D0%B8%D1%87%D0%B5%D0%BD%D0%BD%D0%BE%D0%B9+%D0%BE%D1%82%D0%B2%D0%B5%D1%82%D1%81%D1%82%D0%B2%D0%B5%D0%BD%D0%BD%D0%BE%D1%81%D1%82%D1%8C%D1%8E+%D0%9F%D1%80%D0%BE%D0%B5%D0%BA%D1%82%D0%BD%D0%BE-%D1%81%D1%82%D1%80%D0%BE%D0%B8%D1%82%D0%B5%D0%BB%D1%8C%D0%BD%D0%B0%D1%8F+%D0%BA%D0%BE%D0%BC%D0%BF%D0%B0%D0%BD%D0%B8%D1%8F+%C2%AB%D0%A1%D0%BE%D0%B4%D1%80%D1%83%D0%B6%D0%B5%D1%81%D1%82%D0%B2%D0%BE%C2%BB+(%D0%9E%D0%9E%D0%9E+%D0%9F%D0%A1%D0%9A+%C2%AB%D0%A1%D0%BE%D0%B4%D1%80%D1%83%D0%B6%D0%B5%D1%81%D1%82%D0%B2%D0%BE%C2%BB)+344013,+%D0%A0%D0%BE%D1%81%D1%82%D0%BE%D0%B2-%D0%BD%D0%B0-%D0%94%D0%BE%D0%BD%D1%83,+%D1%83%D0%BB.+20%D0%B0%D1%8F+%D1%83%D0%BB%D0%B8%D1%86%D0%B0,+%D0%B4.62%D0%92,+%D1%82%D0%B5%D0%BB,+%D1%84%D0%B0%D0%BA%D1%81:+(863)+234-23-06,+e-mail:rostovpsk@yandex.ru+%D0%97%D0%B0%D0%BA%D0%B0%D0%B7%D1%87%D0%B8%D0%BA:+%D0%9C%D0%91%D0%94%D0%9E%D0%A3+%D0%B4/%D1%81+%E2%84%965+%C2%AB%D0%96%D1%83%D1%80%D0%B0%D0%B2%D0%BB%D0%B8%D0%BA%C2%BB+%D0%9A%D0%B0%D0%BF%D0%B8%D1%82%D0%B0%D0%BB%D1%8C%D0%BD%D1%8B%D0%B9+%D1%80%D0%B5%D0%BC%D0%BE%D0%BD%D1%82+%D0%9C%D0%91%D0%94%D0%9E%D0%A3+%D0%B4/%D1%81+%E2%84%965+%C2%AB%D0%96%D1%83%D1%80%D0%B0%D0%B2%D0%BB%D0%B8%D0%BA%C2%BB+%D0%BF%D0%BE+%D0%B0%D0%B4%D1%80%D0%B5%D1%81%D1%83:+%D0%90%D0%BA%D1%81%D0%B0%D0%B9%D1%81%D0%BA%D0%B8%D0%B9+%D1%80%D0%B0%D0%B9%D0%BE%D0%BD,+%D0%B3.+%D0%90%D0%BA%D1%81%D0%B0%D0%B9,+%D1%83%D0%BB%D0%B8%D1%86%D0%B0+%D0%A0%D0%B5%D0%B2%D0%BE%D0%BB%D1%8E%D1%86%D0%B8%D0%B8,+60+%D0%A0%D0%90%D0%91%D0%9E%D0%A7%D0%90%D0%AF+%D0%94%D0%9E%D0%9A%D0%A3%D0%9C%D0%95%D0%9D%D0%A2%D0%90%D0%A6%D0%98%D0%AF+%C2%AB%D0%90%D0%B2%D1%82%D0%BE%D0%BC%D0%B0%D1%82%D0%B8%D1%87%D0%B5%D1%81%D0%BA%D0%B0%D1%8F+%D0%BF%D0%BE%D0%B6%D0%B0%D1%80%D0%BD%D0%B0%D1%8F+%D1%81%D0%B8%D0%B3%D0%BD%D0%B0%D0%BB%D0%B8%D0%B7%D0%B0%D1%86%D0%B8%D1%8F%C2%BB+2023.5-%D0%90%D0%9F%D0%A1+%D0%A2%D0%BE%D0%BC+11+%D0%98%D0%B7%D0%BC.+%E2%84%96%D0%B4%D0%BE%D0%BA.+%D0%9F%D0%BE%D0%B4%D0%BF.+%D0%94%D0%B0%D1%82%D0%B0+2023+%D0%B3.
2025-08-06 21:07:02,510 - httpx - INFO - HTTP Request: POST https://api.telegram.org/bot8246578993:AAGaUxNEW2LCIdh6qLp3Ee9fyTY0z8muMc4/getUpdates "HTTP/1.1 200 OK"
2025-08-06 21:07:03,994 - config - ERROR - Ошибка парсинга ETM: 404 Client Error: Not Found for url: https://www.etm.ru/search?q=%D0%9E%D0%B1%D1%89%D0%B5%D1%81%D1%82%D0%B2%D0%BE+%D1%81+%D0%BE%D0%B3%D1%80%D0%B0%D0%BD%D0%B8%D1%87%D0%B5%D0%BD%D0%BD%D0%BE%D0%B9+%D0%BE%D1%82%D0%B2%D0%B5%D1%82%D1%81%D1%82%D0%B2%D0%B5%D0%BD%D0%BD%D0%BE%D1%81%D1%82%D1%8C%D1%8E+%D0%9F%D1%80%D0%BE%D0%B5%D0%BA%D1%82%D0%BD%D0%BE-%D1%81%D1%82%D1%80%D0%BE%D0%B8%D1%82%D0%B5%D0%BB%D1%8C%D0%BD%D0%B0%D1%8F+%D0%BA%D0%BE%D0%BC%D0%BF%D0%B0%D0%BD%D0%B8%D1%8F+%C2%AB%D0%A1%D0%BE%D0%B4%D1%80%D1%83%D0%B6%D0%B5%D1%81%D1%82%D0%B2%D0%BE%C2%BB+(%D0%9E%D0%9E%D0%9E+%D0%9F%D0%A1%D0%9A+%C2%AB%D0%A1%D0%BE%D0%B4%D1%80%D1%83%D0%B6%D0%B5%D1%81%D1%82%D0%B2%D0%BE%C2%BB)+344013,+%D0%A0%D0%BE%D1%81%D1%82%D0%BE%D0%B2-%D0%BD%D0%B0-%D0%94%D0%BE%D0%BD%D1%83,+%D1%83%D0%BB.+20%D0%B0%D1%8F+%D1%83%D0%BB%D0%B8%D1%86%D0%B0,+%D0%B4.62%D0%92,+%D1%82%D0%B5%D0%BB,+%D1%84%D0%B0%D0%BA%D1%81:+(863)+234-23-06,+e-mail:rostovpsk@yandex.ru+%D0%97%D0%B0%D0%BA%D0%B0%D0%B7%D1%87%D0%B8%D0%BA:+%D0%9C%D0%91%D0%94%D0%9E%D0%A3+%D0%B4/%D1%81+%E2%84%965+%C2%AB%D0%96%D1%83%D1%80%D0%B0%D0%B2%D0%BB%D0%B8%D0%BA%C2%BB+%D0%9A%D0%B0%D0%BF%D0%B8%D1%82%D0%B0%D0%BB%D1%8C%D0%BD%D1%8B%D0%B9+%D1%80%D0%B5%D0%BC%D0%BE%D0%BD%D1%82+%D0%9C%D0%91%D0%94%D0%9E%D0%A3+%D0%B4/%D1%81+%E2%84%965+%C2%AB%D0%96%D1%83%D1%80%D0%B0%D0%B2%D0%BB%D0%B8%D0%BA%C2%BB+%D0%BF%D0%BE+%D0%B0%D0%B4%D1%80%D0%B5%D1%81%D1%83:+%D0%90%D0%BA%D1%81%D0%B0%D0%B9%D1%81%D0%BA%D0%B8%D0%B9+%D1%80%D0%B0%D0%B9%D0%BE%D0%BD,+%D0%B3.+%D0%90%D0%BA%D1%81%D0%B0%D0%B9,+%D1%83%D0%BB%D0%B8%D1%86%D0%B0+%D0%A0%D0%B5%D0%B2%D0%BE%D0%BB%D1%8E%D1%86%D0%B8%D0%B8,+60+%D0%A0%D0%90%D0%91%D0%9E%D0%A7%D0%90%D0%AF+%D0%94%D0%9E%D0%9A%D0%A3%D0%9C%D0%95%D0%9D%D0%A2%D0%90%D0%A6%D0%98%D0%AF+%C2%AB%D0%90%D0%B2%D1%82%D0%BE%D0%BC%D0%B0%D1%82%D0%B8%D1%87%D0%B5%D1%81%D0%BA%D0%B0%D1%8F+%D0%BF%D0%BE%D0%B6%D0%B0%D1%80%D0%BD%D0%B0%D1%8F+%D1%81%D0%B8%D0%B3%D0%BD%D0%B0%D0%BB%D0%B8%D0%B7%D0%B0%D1%86%D0%B8%D1%8F%C2%BB+2023.5-%D0%90%D0%9F%D0%A1+%D0%A2%D0%BE%D0%BC+11+%D0%98%D0%B7%D0%BC.+%E2%84%96%D0%B4%D0%BE%D0%BA.+%D0%9F%D0%BE%D0%B4%D0%BF.+%D0%94%D0%B0%D1%82%D0%B0+2023+%D0%B3.
2025-08-06 21:07:03,995 - config - WARNING - Ошибка при запросе к ETM (попытка 3): 404 Client Error: Not Found for url: https://www.etm.ru/search?q=%D0%9E%D0%B1%D1%89%D0%B5%D1%81%D1%82%D0%B2%D0%BE+%D1%81+%D0%BE%D0%B3%D1%80%D0%B0%D0%BD%D0%B8%D1%87%D0%B5%D0%BD%D0%BD%D0%BE%D0%B9+%D0%BE%D1%82%D0%B2%D0%B5%D1%82%D1%81%D1%82%D0%B2%D0%B5%D0%BD%D0%BD%D0%BE%D1%81%D1%82%D1%8C%D1%8E+%D0%9F%D1%80%D0%BE%D0%B5%D0%BA%D1%82%D0%BD%D0%BE-%D1%81%D1%82%D1%80%D0%BE%D0%B8%D1%82%D0%B5%D0%BB%D1%8C%D0%BD%D0%B0%D1%8F+%D0%BA%D0%BE%D0%BC%D0%BF%D0%B0%D0%BD%D0%B8%D1%8F+%C2%AB%D0%A1%D0%BE%D0%B4%D1%80%D1%83%D0%B6%D0%B5%D1%81%D1%82%D0%B2%D0%BE%C2%BB+(%D0%9E%D0%9E%D0%9E+%D0%9F%D0%A1%D0%9A+%C2%AB%D0%A1%D0%BE%D0%B4%D1%80%D1%83%D0%B6%D0%B5%D1%81%D1%82%D0%B2%D0%BE%C2%BB)+344013,+%D0%A0%D0%BE%D1%81%D1%82%D0%BE%D0%B2-%D0%BD%D0%B0-%D0%94%D0%BE%D0%BD%D1%83,+%D1%83%D0%BB.+20%D0%B0%D1%8F+%D1%83%D0%BB%D0%B8%D1%86%D0%B0,+%D0%B4.62%D0%92,+%D1%82%D0%B5%D0%BB,+%D1%84%D0%B0%D0%BA%D1%81:+(863)+234-23-06,+e-mail:rostovpsk@yandex.ru+%D0%97%D0%B0%D0%BA%D0%B0%D0%B7%D1%87%D0%B8%D0%BA:+%D0%9C%D0%91%D0%94%D0%9E%D0%A3+%D0%B4/%D1%81+%E2%84%965+%C2%AB%D0%96%D1%83%D1%80%D0%B0%D0%B2%D0%BB%D0%B8%D0%BA%C2%BB+%D0%9A%D0%B0%D0%BF%D0%B8%D1%82%D0%B0%D0%BB%D1%8C%D0%BD%D1%8B%D0%B9+%D1%80%D0%B5%D0%BC%D0%BE%D0%BD%D1%82+%D0%9C%D0%91%D0%94%D0%9E%D0%A3+%D0%B4/%D1%81+%E2%84%965+%C2%AB%D0%96%D1%83%D1%80%D0%B0%D0%B2%D0%BB%D0%B8%D0%BA%C2%BB+%D0%BF%D0%BE+%D0%B0%D0%B4%D1%80%D0%B5%D1%81%D1%83:+%D0%90%D0%BA%D1%81%D0%B0%D0%B9%D1%81%D0%BA%D0%B8%D0%B9+%D1%80%D0%B0%D0%B9%D0%BE%D0%BD,+%D0%B3.+%D0%90%D0%BA%D1%81%D0%B0%D0%B9,+%D1%83%D0%BB%D0%B8%D1%86%D0%B0+%D0%A0%D0%B5%D0%B2%D0%BE%D0%BB%D1%8E%D1%86%D0%B8%D0%B8,+60+%D0%A0%D0%90%D0%91%D0%9E%D0%A7%D0%90%D0%AF+%D0%94%D0%9E%D0%9A%D0%A3%D0%9C%D0%95%D0%9D%D0%A2%D0%90%D0%A6%D0%98%D0%AF+%C2%AB%D0%90%D0%B2%D1%82%D0%BE%D0%BC%D0%B0%D1%82%D0%B8%D1%87%D0%B5%D1%81%D0%BA%D0%B0%D1%8F+%D0%BF%D0%BE%D0%B6%D0%B0%D1%80%D0%BD%D0%B0%D1%8F+%D1%81%D0%B8%D0%B3%D0%BD%D0%B0%D0%BB%D0%B8%D0%B7%D0%B0%D1%86%D0%B8%D1%8F%C2%BB+2023.5-%D0%90%D0%9F%D0%A1+%D0%A2%D0%BE%D0%BC+11+%D0%98%D0%B7%D0%BC.+%E2%84%96%D0%B4%D0%BE%D0%BA.+%D0%9F%D0%BE%D0%B4%D0%BF.+%D0%94%D0%B0%D1%82%D0%B0+2023+%D0%B3.
2025-08-06 21:07:11,025 - config - ERROR - Ошибка парсинга LTV: HTTPSConnectionPool(host='ltvs.ru', port=443): Max retries exceeded with url: /search/?q=%D0%9E%D0%B1%D1%89%D0%B5%D1%81%D1%82%D0%B2%D0%BE+%D1%81+%D0%BE%D0%B3%D1%80%D0%B0%D0%BD%D0%B8%D1%87%D0%B5%D0%BD%D0%BD%D0%BE%D0%B9+%D0%BE%D1%82%D0%B2%D0%B5%D1%82%D1%81%D1%82%D0%B2%D0%B5%D0%BD%D0%BD%D0%BE%D1%81%D1%82%D1%8C%D1%8E+%D0%9F%D1%80%D0%BE%D0%B5%D0%BA%D1%82%D0%BD%D0%BE-%D1%81%D1%82%D1%80%D0%BE%D0%B8%D1%82%D0%B5%D0%BB%D1%8C%D0%BD%D0%B0%D1%8F+%D0%BA%D0%BE%D0%BC%D0%BF%D0%B0%D0%BD%D0%B8%D1%8F+%C2%AB%D0%A1%D0%BE%D0%B4%D1%80%D1%83%D0%B6%D0%B5%D1%81%D1%82%D0%B2%D0%BE%C2%BB+(%D0%9E%D0%9E%D0%9E+%D0%9F%D0%A1%D0%9A+%C2%AB%D0%A1%D0%BE%D0%B4%D1%80%D1%83%D0%B6%D0%B5%D1%81%D1%82%D0%B2%D0%BE%C2%BB)+344013,+%D0%A0%D0%BE%D1%81%D1%82%D0%BE%D0%B2-%D0%BD%D0%B0-%D0%94%D0%BE%D0%BD%D1%83,+%D1%83%D0%BB.+20%D0%B0%D1%8F+%D1%83%D0%BB%D0%B8%D1%86%D0%B0,+%D0%B4.62%D0%92,+%D1%82%D0%B5%D0%BB,+%D1%84%D0%B0%D0%BA%D1%81:+(863)+234-23-06,+e-mail:rostovpsk@yandex.ru+%D0%97%D0%B0%D0%BA%D0%B0%D0%B7%D1%87%D0%B8%D0%BA:+%D0%9C%D0%91%D0%94%D0%9E%D0%A3+%D0%B4/%D1%81+%E2%84%965+%C2%AB%D0%96%D1%83%D1%80%D0%B0%D0%B2%D0%BB%D0%B8%D0%BA%C2%BB+%D0%9A%D0%B0%D0%BF%D0%B8%D1%82%D0%B0%D0%BB%D1%8C%D0%BD%D1%8B%D0%B9+%D1%80%D0%B5%D0%BC%D0%BE%D0%BD%D1%82+%D0%9C%D0%91%D0%94%D0%9E%D0%A3+%D0%B4/%D1%81+%E2%84%965+%C2%AB%D0%96%D1%83%D1%80%D0%B0%D0%B2%D0%BB%D0%B8%D0%BA%C2%BB+%D0%BF%D0%BE+%D0%B0%D0%B4%D1%80%D0%B5%D1%81%D1%83:+%D0%90%D0%BA%D1%81%D0%B0%D0%B9%D1%81%D0%BA%D0%B8%D0%B9+%D1%80%D0%B0%D0%B9%D0%BE%D0%BD,+%D0%B3.+%D0%90%D0%BA%D1%81%D0%B0%D0%B9,+%D1%83%D0%BB%D0%B8%D1%86%D0%B0+%D0%A0%D0%B5%D0%B2%D0%BE%D0%BB%D1%8E%D1%86%D0%B8%D0%B8,+60+%D0%A0%D0%90%D0%91%D0%9E%D0%A7%D0%90%D0%AF+%D0%94%D0%9E%D0%9A%D0%A3%D0%9C%D0%95%D0%9D%D0%A2%D0%90%D0%A6%D0%98%D0%AF+%C2%AB%D0%90%D0%B2%D1%82%D0%BE%D0%BC%D0%B0%D1%82%D0%B8%D1%87%D0%B5%D1%81%D0%BA%D0%B0%D1%8F+%D0%BF%D0%BE%D0%B6%D0%B0%D1%80%D0%BD%D0%B0%D1%8F+%D1%81%D0%B8%D0%B3%D0%BD%D0%B0%D0%BB%D0%B8%D0%B7%D0%B0%D1%86%D0%B8%D1%8F%C2%BB+2023.5-%D0%90%D0%9F%D0%A1+%D0%A2%D0%BE%D0%BC+11+%D0%98%D0%B7%D0%BC.+%E2%84%96%D0%B4%D0%BE%D0%BA.+%D0%9F%D0%BE%D0%B4%D0%BF.+%D0%94%D0%B0%D1%82%D0%B0+2023+%D0%B3. (Caused by NewConnectionError('<urllib3.connection.HTTPSConnection object at 0x0000022F10359D30>: Failed to establish a new connection: [WinError 10061] Подключение не установлено, т.к. конечный компьютер отверг запрос на подключение'))
2025-08-06 21:07:11,027 - config - WARNING - Ошибка при запросе к LTV (попытка 1): HTTPSConnectionPool(host='ltvs.ru', port=443): Max retries exceeded with url: /search/?q=%D0%9E%D0%B1%D1%89%D0%B5%D1%81%D1%82%D0%B2%D0%BE+%D1%81+%D0%BE%D0%B3%D1%80%D0%B0%D0%BD%D0%B8%D1%87%D0%B5%D0%BD%D0%BD%D0%BE%D0%B9+%D0%BE%D1%82%D0%B2%D0%B5%D1%82%D1%81%D1%82%D0%B2%D0%B5%D0%BD%D0%BD%D0%BE%D1%81%D1%82%D1%8C%D1%8E+%D0%9F%D1%80%D0%BE%D0%B5%D0%BA%D1%82%D0%BD%D0%BE-%D1%81%D1%82%D1%80%D0%BE%D0%B8%D1%82%D0%B5%D0%BB%D1%8C%D0%BD%D0%B0%D1%8F+%D0%BA%D0%BE%D0%BC%D0%BF%D0%B0%D0%BD%D0%B8%D1%8F+%C2%AB%D0%A1%D0%BE%D0%B4%D1%80%D1%83%D0%B6%D0%B5%D1%81%D1%82%D0%B2%D0%BE%C2%BB+(%D0%9E%D0%9E%D0%9E+%D0%9F%D0%A1%D0%9A+%C2%AB%D0%A1%D0%BE%D0%B4%D1%80%D1%83%D0%B6%D0%B5%D1%81%D1%82%D0%B2%D0%BE%C2%BB)+344013,+%D0%A0%D0%BE%D1%81%D1%82%D0%BE%D0%B2-%D0%BD%D0%B0-%D0%94%D0%BE%D0%BD%D1%83,+%D1%83%D0%BB.+20%D0%B0%D1%8F+%D1%83%D0%BB%D0%B8%D1%86%D0%B0,+%D0%B4.62%D0%92,+%D1%82%D0%B5%D0%BB,+%D1%84%D0%B0%D0%BA%D1%81:+(863)+234-23-06,+e-mail:rostovpsk@yandex.ru+%D0%97%D0%B0%D0%BA%D0%B0%D0%B7%D1%87%D0%B8%D0%BA:+%D0%9C%D0%91%D0%94%D0%9E%D0%A3+%D0%B4/%D1%81+%E2%84%965+%C2%AB%D0%96%D1%83%D1%80%D0%B0%D0%B2%D0%BB%D0%B8%D0%BA%C2%BB+%D0%9A%D0%B0%D0%BF%D0%B8%D1%82%D0%B0%D0%BB%D1%8C%D0%BD%D1%8B%D0%B9+%D1%80%D0%B5%D0%BC%D0%BE%D0%BD%D1%82+%D0%9C%D0%91%D0%94%D0%9E%D0%A3+%D0%B4/%D1%81+%E2%84%965+%C2%AB%D0%96%D1%83%D1%80%D0%B0%D0%B2%D0%BB%D0%B8%D0%BA%C2%BB+%D0%BF%D0%BE+%D0%B0%D0%B4%D1%80%D0%B5%D1%81%D1%83:+%D0%90%D0%BA%D1%81%D0%B0%D0%B9%D1%81%D0%BA%D0%B8%D0%B9+%D1%80%D0%B0%D0%B9%D0%BE%D0%BD,+%D0%B3.+%D0%90%D0%BA%D1%81%D0%B0%D0%B9,+%D1%83%D0%BB%D0%B8%D1%86%D0%B0+%D0%A0%D0%B5%D0%B2%D0%BE%D0%BB%D1%8E%D1%86%D0%B8%D0%B8,+60+%D0%A0%D0%90%D0%91%D0%9E%D0%A7%D0%90%D0%AF+%D0%94%D0%9E%D0%9A%D0%A3%D0%9C%D0%95%D0%9D%D0%A2%D0%90%D0%A6%D0%98%D0%AF+%C2%AB%D0%90%D0%B2%D1%82%D0%BE%D0%BC%D0%B0%D1%82%D0%B8%D1%87%D0%B5%D1%81%D0%BA%D0%B0%D1%8F+%D0%BF%D0%BE%D0%B6%D0%B0%D1%80%D0%BD%D0%B0%D1%8F+%D1%81%D0%B8%D0%B3%D0%BD%D0%B0%D0%BB%D0%B8%D0%B7%D0%B0%D1%86%D0%B8%D1%8F%C2%BB+2023.5-%D0%90%D0%9F%D0%A1+%D0%A2%D0%BE%D0%BC+11+%D0%98%D0%B7%D0%BC.+%E2%84%96%D0%B4%D0%BE%D0%BA.+%D0%9F%D0%BE%D0%B4%D0%BF.+%D0%94%D0%B0%D1%82%D0%B0+2023+%D0%B3. (Caused by NewConnectionError('<urllib3.connection.HTTPSConnection object at 0x0000022F10359D30>: Failed to establish a new connection: [WinError 10061] Подключение не установлено, т.к. конечный компьютер отверг запрос на подключение'))
2025-08-06 21:07:12,581 - httpx - INFO - HTTP Request: POST https://api.telegram.org/bot8246578993:AAGaUxNEW2LCIdh6qLp3Ee9fyTY0z8muMc4/getUpdates "HTTP/1.1 200 OK"
2025-08-06 21:07:14,939 - config - ERROR - Ошибка парсинга LTV: HTTPSConnectionPool(host='ltvs.ru', port=443): Max retries exceeded with url: /search/?q=%D0%9E%D0%B1%D1%89%D0%B5%D1%81%D1%82%D0%B2%D0%BE+%D1%81+%D0%BE%D0%B3%D1%80%D0%B0%D0%BD%D0%B8%D1%87%D0%B5%D0%BD%D0%BD%D0%BE%D0%B9+%D0%BE%D1%82%D0%B2%D0%B5%D1%82%D1%81%D1%82%D0%B2%D0%B5%D0%BD%D0%BD%D0%BE%D1%81%D1%82%D1%8C%D1%8E+%D0%9F%D1%80%D0%BE%D0%B5%D0%BA%D1%82%D0%BD%D0%BE-%D1%81%D1%82%D1%80%D0%BE%D0%B8%D1%82%D0%B5%D0%BB%D1%8C%D0%BD%D0%B0%D1%8F+%D0%BA%D0%BE%D0%BC%D0%BF%D0%B0%D0%BD%D0%B8%D1%8F+%C2%AB%D0%A1%D0%BE%D0%B4%D1%80%D1%83%D0%B6%D0%B5%D1%81%D1%82%D0%B2%D0%BE%C2%BB+(%D0%9E%D0%9E%D0%9E+%D0%9F%D0%A1%D0%9A+%C2%AB%D0%A1%D0%BE%D0%B4%D1%80%D1%83%D0%B6%D0%B5%D1%81%D1%82%D0%B2%D0%BE%C2%BB)+344013,+%D0%A0%D0%BE%D1%81%D1%82%D0%BE%D0%B2-%D0%BD%D0%B0-%D0%94%D0%BE%D0%BD%D1%83,+%D1%83%D0%BB.+20%D0%B0%D1%8F+%D1%83%D0%BB%D0%B8%D1%86%D0%B0,+%D0%B4.62%D0%92,+%D1%82%D0%B5%D0%BB,+%D1%84%D0%B0%D0%BA%D1%81:+(863)+234-23-06,+e-mail:rostovpsk@yandex.ru+%D0%97%D0%B0%D0%BA%D0%B0%D0%B7%D1%87%D0%B8%D0%BA:+%D0%9C%D0%91%D0%94%D0%9E%D0%A3+%D0%B4/%D1%81+%E2%84%965+%C2%AB%D0%96%D1%83%D1%80%D0%B0%D0%B2%D0%BB%D0%B8%D0%BA%C2%BB+%D0%9A%D0%B0%D0%BF%D0%B8%D1%82%D0%B0%D0%BB%D1%8C%D0%BD%D1%8B%D0%B9+%D1%80%D0%B5%D0%BC%D0%BE%D0%BD%D1%82+%D0%9C%D0%91%D0%94%D0%9E%D0%A3+%D0%B4/%D1%81+%E2%84%965+%C2%AB%D0%96%D1%83%D1%80%D0%B0%D0%B2%D0%BB%D0%B8%D0%BA%C2%BB+%D0%BF%D0%BE+%D0%B0%D0%B4%D1%80%D0%B5%D1%81%D1%83:+%D0%90%D0%BA%D1%81%D0%B0%D0%B9%D1%81%D0%BA%D0%B8%D0%B9+%D1%80%D0%B0%D0%B9%D0%BE%D0%BD,+%D0%B3.+%D0%90%D0%BA%D1%81%D0%B0%D0%B9,+%D1%83%D0%BB%D0%B8%D1%86%D0%B0+%D0%A0%D0%B5%D0%B2%D0%BE%D0%BB%D1%8E%D1%86%D0%B8%D0%B8,+60+%D0%A0%D0%90%D0%91%D0%9E%D0%A7%D0%90%D0%AF+%D0%94%D0%9E%D0%9A%D0%A3%D0%9C%D0%95%D0%9D%D0%A2%D0%90%D0%A6%D0%98%D0%AF+%C2%AB%D0%90%D0%B2%D1%82%D0%BE%D0%BC%D0%B0%D1%82%D0%B8%D1%87%D0%B5%D1%81%D0%BA%D0%B0%D1%8F+%D0%BF%D0%BE%D0%B6%D0%B0%D1%80%D0%BD%D0%B0%D1%8F+%D1%81%D0%B8%D0%B3%D0%BD%D0%B0%D0%BB%D0%B8%D0%B7%D0%B0%D1%86%D0%B8%D1%8F%C2%BB+2023.5-%D0%90%D0%9F%D0%A1+%D0%A2%D0%BE%D0%BC+11+%D0%98%D0%B7%D0%BC.+%E2%84%96%D0%B4%D0%BE%D0%BA.+%D0%9F%D0%BE%D0%B4%D0%BF.+%D0%94%D0%B0%D1%82%D0%B0+2023+%D0%B3. (Caused by NewConnectionError('<urllib3.connection.HTTPSConnection object at 0x0000022F048638C0>: Failed to establish a new connection: [WinError 10061] Подключение не установлено, т.к. конечный компьютер отверг запрос на подключение'))
2025-08-06 21:07:14,941 - config - WARNING - Ошибка при запросе к LTV (попытка 2): HTTPSConnectionPool(host='ltvs.ru', port=443): Max retries exceeded with url: /search/?q=%D0%9E%D0%B1%D1%89%D0%B5%D1%81%D1%82%D0%B2%D0%BE+%D1%81+%D0%BE%D0%B3%D1%80%D0%B0%D0%BD%D0%B8%D1%87%D0%B5%D0%BD%D0%BD%D0%BE%D0%B9+%D0%BE%D1%82%D0%B2%D0%B5%D1%82%D1%81%D1%82%D0%B2%D0%B5%D0%BD%D0%BD%D0%BE%D1%81%D1%82%D1%8C%D1%8E+%D0%9F%D1%80%D0%BE%D0%B5%D0%BA%D1%82%D0%BD%D0%BE-%D1%81%D1%82%D1%80%D0%BE%D0%B8%D1%82%D0%B5%D0%BB%D1%8C%D0%BD%D0%B0%D1%8F+%D0%BA%D0%BE%D0%BC%D0%BF%D0%B0%D0%BD%D0%B8%D1%8F+%C2%AB%D0%A1%D0%BE%D0%B4%D1%80%D1%83%D0%B6%D0%B5%D1%81%D1%82%D0%B2%D0%BE%C2%BB+(%D0%9E%D0%9E%D0%9E+%D0%9F%D0%A1%D0%9A+%C2%AB%D0%A1%D0%BE%D0%B4%D1%80%D1%83%D0%B6%D0%B5%D1%81%D1%82%D0%B2%D0%BE%C2%BB)+344013,+%D0%A0%D0%BE%D1%81%D1%82%D0%BE%D0%B2-%D0%BD%D0%B0-%D0%94%D0%BE%D0%BD%D1%83,+%D1%83%D0%BB.+20%D0%B0%D1%8F+%D1%83%D0%BB%D0%B8%D1%86%D0%B0,+%D0%B4.62%D0%92,+%D1%82%D0%B5%D0%BB,+%D1%84%D0%B0%D0%BA%D1%81:+(863)+234-23-06,+e-mail:rostovpsk@yandex.ru+%D0%97%D0%B0%D0%BA%D0%B0%D0%B7%D1%87%D0%B8%D0%BA:+%D0%9C%D0%91%D0%94%D0%9E%D0%A3+%D0%B4/%D1%81+%E2%84%965+%C2%AB%D0%96%D1%83%D1%80%D0%B0%D0%B2%D0%BB%D0%B8%D0%BA%C2%BB+%D0%9A%D0%B0%D0%BF%D0%B8%D1%82%D0%B0%D0%BB%D1%8C%D0%BD%D1%8B%D0%B9+%D1%80%D0%B5%D0%BC%D0%BE%D0%BD%D1%82+%D0%9C%D0%91%D0%94%D0%9E%D0%A3+%D0%B4/%D1%81+%E2%84%965+%C2%AB%D0%96%D1%83%D1%80%D0%B0%D0%B2%D0%BB%D0%B8%D0%BA%C2%BB+%D0%BF%D0%BE+%D0%B0%D0%B4%D1%80%D0%B5%D1%81%D1%83:+%D0%90%D0%BA%D1%81%D0%B0%D0%B9%D1%81%D0%BA%D0%B8%D0%B9+%D1%80%D0%B0%D0%B9%D0%BE%D0%BD,+%D0%B3.+%D0%90%D0%BA%D1%81%D0%B0%D0%B9,+%D1%83%D0%BB%D0%B8%D1%86%D0%B0+%D0%A0%D0%B5%D0%B2%D0%BE%D0%BB%D1%8E%D1%86%D0%B8%D0%B8,+60+%D0%A0%D0%90%D0%91%D0%9E%D0%A7%D0%90%D0%AF+%D0%94%D0%9E%D0%9A%D0%A3%D0%9C%D0%95%D0%9D%D0%A2%D0%90%D0%A6%D0%98%D0%AF+%C2%AB%D0%90%D0%B2%D1%82%D0%BE%D0%BC%D0%B0%D1%82%D0%B8%D1%87%D0%B5%D1%81%D0%BA%D0%B0%D1%8F+%D0%BF%D0%BE%D0%B6%D0%B0%D1%80%D0%BD%D0%B0%D1%8F+%D1%81%D0%B8%D0%B3%D0%BD%D0%B0%D0%BB%D0%B8%D0%B7%D0%B0%D1%86%D0%B8%D1%8F%C2%BB+2023.5-%D0%90%D0%9F%D0%A1+%D0%A2%D0%BE%D0%BC+11+%D0%98%D0%B7%D0%BC.+%E2%84%96%D0%B4%D0%BE%D0%BA.+%D0%9F%D0%BE%D0%B4%D0%BF.+%D0%94%D0%B0%D1%82%D0%B0+2023+%D0%B3. (Caused by NewConnectionError('<urllib3.connection.HTTPSConnection object at 0x0000022F048638C0>: Failed to establish a new connection: [WinError 10061] Подключение не установлено, т.к. конечный компьютер отверг запрос на подключение'))
2025-08-06 21:07:20,360 - config - ERROR - Ошибка парсинга LTV: HTTPSConnectionPool(host='ltvs.ru', port=443): Max retries exceeded with url: /search/?q=%D0%9E%D0%B1%D1%89%D0%B5%D1%81%D1%82%D0%B2%D0%BE+%D1%81+%D0%BE%D0%B3%D1%80%D0%B0%D0%BD%D0%B8%D1%87%D0%B5%D0%BD%D0%BD%D0%BE%D0%B9+%D0%BE%D1%82%D0%B2%D0%B5%D1%82%D1%81%D1%82%D0%B2%D0%B5%D0%BD%D0%BD%D0%BE%D1%81%D1%82%D1%8C%D1%8E+%D0%9F%D1%80%D0%BE%D0%B5%D0%BA%D1%82%D0%BD%D0%BE-%D1%81%D1%82%D1%80%D0%BE%D0%B8%D1%82%D0%B5%D0%BB%D1%8C%D0%BD%D0%B0%D1%8F+%D0%BA%D0%BE%D0%BC%D0%BF%D0%B0%D0%BD%D0%B8%D1%8F+%C2%AB%D0%A1%D0%BE%D0%B4%D1%80%D1%83%D0%B6%D0%B5%D1%81%D1%82%D0%B2%D0%BE%C2%BB+(%D0%9E%D0%9E%D0%9E+%D0%9F%D0%A1%D0%9A+%C2%AB%D0%A1%D0%BE%D0%B4%D1%80%D1%83%D0%B6%D0%B5%D1%81%D1%82%D0%B2%D0%BE%C2%BB)+344013,+%D0%A0%D0%BE%D1%81%D1%82%D0%BE%D0%B2-%D0%BD%D0%B0-%D0%94%D0%BE%D0%BD%D1%83,+%D1%83%D0%BB.+20%D0%B0%D1%8F+%D1%83%D0%BB%D0%B8%D1%86%D0%B0,+%D0%B4.62%D0%92,+%D1%82%D0%B5%D0%BB,+%D1%84%D0%B0%D0%BA%D1%81:+(863)+234-23-06,+e-mail:rostovpsk@yandex.ru+%D0%97%D0%B0%D0%BA%D0%B0%D0%B7%D1%87%D0%B8%D0%BA:+%D0%9C%D0%91%D0%94%D0%9E%D0%A3+%D0%B4/%D1%81+%E2%84%965+%C2%AB%D0%96%D1%83%D1%80%D0%B0%D0%B2%D0%BB%D0%B8%D0%BA%C2%BB+%D0%9A%D0%B0%D0%BF%D0%B8%D1%82%D0%B0%D0%BB%D1%8C%D0%BD%D1%8B%D0%B9+%D1%80%D0%B5%D0%BC%D0%BE%D0%BD%D1%82+%D0%9C%D0%91%D0%94%D0%9E%D0%A3+%D0%B4/%D1%81+%E2%84%965+%C2%AB%D0%96%D1%83%D1%80%D0%B0%D0%B2%D0%BB%D0%B8%D0%BA%C2%BB+%D0%BF%D0%BE+%D0%B0%D0%B4%D1%80%D0%B5%D1%81%D1%83:+%D0%90%D0%BA%D1%81%D0%B0%D0%B9%D1%81%D0%BA%D0%B8%D0%B9+%D1%80%D0%B0%D0%B9%D0%BE%D0%BD,+%D0%B3.+%D0%90%D0%BA%D1%81%D0%B0%D0%B9,+%D1%83%D0%BB%D0%B8%D1%86%D0%B0+%D0%A0%D0%B5%D0%B2%D0%BE%D0%BB%D1%8E%D1%86%D0%B8%D0%B8,+60+%D0%A0%D0%90%D0%91%D0%9E%D0%A7%D0%90%D0%AF+%D0%94%D0%9E%D0%9A%D0%A3%D0%9C%D0%95%D0%9D%D0%A2%D0%90%D0%A6%D0%98%D0%AF+%C2%AB%D0%90%D0%B2%D1%82%D0%BE%D0%BC%D0%B0%D1%82%D0%B8%D1%87%D0%B5%D1%81%D0%BA%D0%B0%D1%8F+%D0%BF%D0%BE%D0%B6%D0%B0%D1%80%D0%BD%D0%B0%D1%8F+%D1%81%D0%B8%D0%B3%D0%BD%D0%B0%D0%BB%D0%B8%D0%B7%D0%B0%D1%86%D0%B8%D1%8F%C2%BB+2023.5-%D0%90%D0%9F%D0%A1+%D0%A2%D0%BE%D0%BC+11+%D0%98%D0%B7%D0%BC.+%E2%84%96%D0%B4%D0%BE%D0%BA.+%D0%9F%D0%BE%D0%B4%D0%BF.+%D0%94%D0%B0%D1%82%D0%B0+2023+%D0%B3. (Caused by NewConnectionError('<urllib3.connection.HTTPSConnection object at 0x0000022F102EB890>: Failed to establish a new connection: [WinError 10061] Подключение не установлено, т.к. конечный компьютер отверг запрос на подключение'))
2025-08-06 21:07:20,361 - config - WARNING - Ошибка при запросе к LTV (попытка 3): HTTPSConnectionPool(host='ltvs.ru', port=443): Max retries exceeded with url: /search/?q=%D0%9E%D0%B1%D1%89%D0%B5%D1%81%D1%82%D0%B2%D0%BE+%D1%81+%D0%BE%D0%B3%D1%80%D0%B0%D0%BD%D0%B8%D1%87%D0%B5%D0%BD%D0%BD%D0%BE%D0%B9+%D0%BE%D1%82%D0%B2%D0%B5%D1%82%D1%81%D1%82%D0%B2%D0%B5%D0%BD%D0%BD%D0%BE%D1%81%D1%82%D1%8C%D1%8E+%D0%9F%D1%80%D0%BE%D0%B5%D0%BA%D1%82%D0%BD%D0%BE-%D1%81%D1%82%D1%80%D0%BE%D0%B8%D1%82%D0%B5%D0%BB%D1%8C%D0%BD%D0%B0%D1%8F+%D0%BA%D0%BE%D0%BC%D0%BF%D0%B0%D0%BD%D0%B8%D1%8F+%C2%AB%D0%A1%D0%BE%D0%B4%D1%80%D1%83%D0%B6%D0%B5%D1%81%D1%82%D0%B2%D0%BE%C2%BB+(%D0%9E%D0%9E%D0%9E+%D0%9F%D0%A1%D0%9A+%C2%AB%D0%A1%D0%BE%D0%B4%D1%80%D1%83%D0%B6%D0%B5%D1%81%D1%82%D0%B2%D0%BE%C2%BB)+344013,+%D0%A0%D0%BE%D1%81%D1%82%D0%BE%D0%B2-%D0%BD%D0%B0-%D0%94%D0%BE%D0%BD%D1%83,+%D1%83%D0%BB.+20%D0%B0%D1%8F+%D1%83%D0%BB%D0%B8%D1%86%D0%B0,+%D0%B4.62%D0%92,+%D1%82%D0%B5%D0%BB,+%D1%84%D0%B0%D0%BA%D1%81:+(863)+234-23-06,+e-mail:rostovpsk@yandex.ru+%D0%97%D0%B0%D0%BA%D0%B0%D0%B7%D1%87%D0%B8%D0%BA:+%D0%9C%D0%91%D0%94%D0%9E%D0%A3+%D0%B4/%D1%81+%E2%84%965+%C2%AB%D0%96%D1%83%D1%80%D0%B0%D0%B2%D0%BB%D0%B8%D0%BA%C2%BB+%D0%9A%D0%B0%D0%BF%D0%B8%D1%82%D0%B0%D0%BB%D1%8C%D0%BD%D1%8B%D0%B9+%D1%80%D0%B5%D0%BC%D0%BE%D0%BD%D1%82+%D0%9C%D0%91%D0%94%D0%9E%D0%A3+%D0%B4/%D1%81+%E2%84%965+%C2%AB%D0%96%D1%83%D1%80%D0%B0%D0%B2%D0%BB%D0%B8%D0%BA%C2%BB+%D0%BF%D0%BE+%D0%B0%D0%B4%D1%80%D0%B5%D1%81%D1%83:+%D0%90%D0%BA%D1%81%D0%B0%D0%B9%D1%81%D0%BA%D0%B8%D0%B9+%D1%80%D0%B0%D0%B9%D0%BE%D0%BD,+%D0%B3.+%D0%90%D0%BA%D1%81%D0%B0%D0%B9,+%D1%83%D0%BB%D0%B8%D1%86%D0%B0+%D0%A0%D0%B5%D0%B2%D0%BE%D0%BB%D1%8E%D1%86%D0%B8%D0%B8,+60+%D0%A0%D0%90%D0%91%D0%9E%D0%A7%D0%90%D0%AF+%D0%94%D0%9E%D0%9A%D0%A3%D0%9C%D0%95%D0%9D%D0%A2%D0%90%D0%A6%D0%98%D0%AF+%C2%AB%D0%90%D0%B2%D1%82%D0%BE%D0%BC%D0%B0%D1%82%D0%B8%D1%87%D0%B5%D1%81%D0%BA%D0%B0%D1%8F+%D0%BF%D0%BE%D0%B6%D0%B0%D1%80%D0%BD%D0%B0%D1%8F+%D1%81%D0%B8%D0%B3%D0%BD%D0%B0%D0%BB%D0%B8%D0%B7%D0%B0%D1%86%D0%B8%D1%8F%C2%BB+2023.5-%D0%90%D0%9F%D0%A1+%D0%A2%D0%BE%D0%BC+11+%D0%98%D0%B7%D0%BC.+%E2%84%96%D0%B4%D0%BE%D0%BA.+%D0%9F%D0%BE%D0%B4%D0%BF.+%D0%94%D0%B0%D1%82%D0%B0+2023+%D0%B3. (Caused by NewConnectionError('<urllib3.connection.HTTPSConnection object at 0x0000022F102EB890>: Failed to establish a new connection: [WinError 10061] Подключение не установлено, т.к. конечный компьютер отверг запрос на подключение'))
2025-08-06 21:07:22,659 - httpx - INFO - HTTP Request: POST https://api.telegram.org/bot8246578993:AAGaUxNEW2LCIdh6qLp3Ee9fyTY0z8muMc4/getUpdates "HTTP/1.1 200 OK"
2025-08-06 21:07:25,375 - config - ERROR - Ошибка парсинга Layta: 404 Client Error: Not Found for url: https://www.lait.ru/search/?q=%D0%9E%D0%B1%D1%89%D0%B5%D1%81%D1%82%D0%B2%D0%BE+%D1%81+%D0%BE%D0%B3%D1%80%D0%B0%D0%BD%D0%B8%D1%87%D0%B5%D0%BD%D0%BD%D0%BE%D0%B9+%D0%BE%D1%82%D0%B2%D0%B5%D1%82%D1%81%D1%82%D0%B2%D0%B5%D0%BD%D0%BD%D0%BE%D1%81%D1%82%D1%8C%D1%8E+%D0%9F%D1%80%D0%BE%D0%B5%D0%BA%D1%82%D0%BD%D0%BE-%D1%81%D1%82%D1%80%D0%BE%D0%B8%D1%82%D0%B5%D0%BB%D1%8C%D0%BD%D0%B0%D1%8F+%D0%BA%D0%BE%D0%BC%D0%BF%D0%B0%D0%BD%D0%B8%D1%8F+%C2%AB%D0%A1%D0%BE%D0%B4%D1%80%D1%83%D0%B6%D0%B5%D1%81%D1%82%D0%B2%D0%BE%C2%BB+(%D0%9E%D0%9E%D0%9E+%D0%9F%D0%A1%D0%9A+%C2%AB%D0%A1%D0%BE%D0%B4%D1%80%D1%83%D0%B6%D0%B5%D1%81%D1%82%D0%B2%D0%BE%C2%BB)+344013,+%D0%A0%D0%BE%D1%81%D1%82%D0%BE%D0%B2-%D0%BD%D0%B0-%D0%94%D0%BE%D0%BD%D1%83,+%D1%83%D0%BB.+20%D0%B0%D1%8F+%D1%83%D0%BB%D0%B8%D1%86%D0%B0,+%D0%B4.62%D0%92,+%D1%82%D0%B5%D0%BB,+%D1%84%D0%B0%D0%BA%D1%81:+(863)+234-23-06,+e-mail:rostovpsk@yandex.ru+%D0%97%D0%B0%D0%BA%D0%B0%D0%B7%D1%87%D0%B8%D0%BA:+%D0%9C%D0%91%D0%94%D0%9E%D0%A3+%D0%B4/%D1%81+%E2%84%965+%C2%AB%D0%96%D1%83%D1%80%D0%B0%D0%B2%D0%BB%D0%B8%D0%BA%C2%BB+%D0%9A%D0%B0%D0%BF%D0%B8%D1%82%D0%B0%D0%BB%D1%8C%D0%BD%D1%8B%D0%B9+%D1%80%D0%B5%D0%BC%D0%BE%D0%BD%D1%82+%D0%9C%D0%91%D0%94%D0%9E%D0%A3+%D0%B4/%D1%81+%E2%84%965+%C2%AB%D0%96%D1%83%D1%80%D0%B0%D0%B2%D0%BB%D0%B8%D0%BA%C2%BB+%D0%BF%D0%BE+%D0%B0%D0%B4%D1%80%D0%B5%D1%81%D1%83:+%D0%90%D0%BA%D1%81%D0%B0%D0%B9%D1%81%D0%BA%D0%B8%D0%B9+%D1%80%D0%B0%D0%B9%D0%BE%D0%BD,+%D0%B3.+%D0%90%D0%BA%D1%81%D0%B0%D0%B9,+%D1%83%D0%BB%D0%B8%D1%86%D0%B0+%D0%A0%D0%B5%D0%B2%D0%BE%D0%BB%D1%8E%D1%86%D0%B8%D0%B8,+60+%D0%A0%D0%90%D0%91%D0%9E%D0%A7%D0%90%D0%AF+%D0%94%D0%9E%D0%9A%D0%A3%D0%9C%D0%95%D0%9D%D0%A2%D0%90%D0%A6%D0%98%D0%AF+%C2%AB%D0%90%D0%B2%D1%82%D0%BE%D0%BC%D0%B0%D1%82%D0%B8%D1%87%D0%B5%D1%81%D0%BA%D0%B0%D1%8F+%D0%BF%D0%BE%D0%B6%D0%B0%D1%80%D0%BD%D0%B0%D1%8F+%D1%81%D0%B8%D0%B3%D0%BD%D0%B0%D0%BB%D0%B8%D0%B7%D0%B0%D1%86%D0%B8%D1%8F%C2%BB+2023.5-%D0%90%D0%9F%D0%A1+%D0%A2%D0%BE%D0%BC+11+%D0%98%D0%B7%D0%BC.+%E2%84%96%D0%B4%D0%BE%D0%BA.+%D0%9F%D0%BE%D0%B4%D0%BF.+%D0%94%D0%B0%D1%82%D0%B0+2023+%D0%B3.
2025-08-06 21:07:25,376 - config - WARNING - Ошибка при запросе к Layta (попытка 1): 404 Client Error: Not Found for url: https://www.lait.ru/search/?q=%D0%9E%D0%B1%D1%89%D0%B5%D1%81%D1%82%D0%B2%D0%BE+%D1%81+%D0%BE%D0%B3%D1%80%D0%B0%D0%BD%D0%B8%D1%87%D0%B5%D0%BD%D0%BD%D0%BE%D0%B9+%D0%BE%D1%82%D0%B2%D0%B5%D1%82%D1%81%D1%82%D0%B2%D0%B5%D0%BD%D0%BD%D0%BE%D1%81%D1%82%D1%8C%D1%8E+%D0%9F%D1%80%D0%BE%D0%B5%D0%BA%D1%82%D0%BD%D0%BE-%D1%81%D1%82%D1%80%D0%BE%D0%B8%D1%82%D0%B5%D0%BB%D1%8C%D0%BD%D0%B0%D1%8F+%D0%BA%D0%BE%D0%BC%D0%BF%D0%B0%D0%BD%D0%B8%D1%8F+%C2%AB%D0%A1%D0%BE%D0%B4%D1%80%D1%83%D0%B6%D0%B5%D1%81%D1%82%D0%B2%D0%BE%C2%BB+(%D0%9E%D0%9E%D0%9E+%D0%9F%D0%A1%D0%9A+%C2%AB%D0%A1%D0%BE%D0%B4%D1%80%D1%83%D0%B6%D0%B5%D1%81%D1%82%D0%B2%D0%BE%C2%BB)+344013,+%D0%A0%D0%BE%D1%81%D1%82%D0%BE%D0%B2-%D0%BD%D0%B0-%D0%94%D0%BE%D0%BD%D1%83,+%D1%83%D0%BB.+20%D0%B0%D1%8F+%D1%83%D0%BB%D0%B8%D1%86%D0%B0,+%D0%B4.62%D0%92,+%D1%82%D0%B5%D0%BB,+%D1%84%D0%B0%D0%BA%D1%81:+(863)+234-23-06,+e-mail:rostovpsk@yandex.ru+%D0%97%D0%B0%D0%BA%D0%B0%D0%B7%D1%87%D0%B8%D0%BA:+%D0%9C%D0%91%D0%94%D0%9E%D0%A3+%D0%B4/%D1%81+%E2%84%965+%C2%AB%D0%96%D1%83%D1%80%D0%B0%D0%B2%D0%BB%D0%B8%D0%BA%C2%BB+%D0%9A%D0%B0%D0%BF%D0%B8%D1%82%D0%B0%D0%BB%D1%8C%D0%BD%D1%8B%D0%B9+%D1%80%D0%B5%D0%BC%D0%BE%D0%BD%D1%82+%D0%9C%D0%91%D0%94%D0%9E%D0%A3+%D0%B4/%D1%81+%E2%84%965+%C2%AB%D0%96%D1%83%D1%80%D0%B0%D0%B2%D0%BB%D0%B8%D0%BA%C2%BB+%D0%BF%D0%BE+%D0%B0%D0%B4%D1%80%D0%B5%D1%81%D1%83:+%D0%90%D0%BA%D1%81%D0%B0%D0%B9%D1%81%D0%BA%D0%B8%D0%B9+%D1%80%D0%B0%D0%B9%D0%BE%D0%BD,+%D0%B3.+%D0%90%D0%BA%D1%81%D0%B0%D0%B9,+%D1%83%D0%BB%D0%B8%D1%86%D0%B0+%D0%A0%D0%B5%D0%B2%D0%BE%D0%BB%D1%8E%D1%86%D0%B8%D0%B8,+60+%D0%A0%D0%90%D0%91%D0%9E%D0%A7%D0%90%D0%AF+%D0%94%D0%9E%D0%9A%D0%A3%D0%9C%D0%95%D0%9D%D0%A2%D0%90%D0%A6%D0%98%D0%AF+%C2%AB%D0%90%D0%B2%D1%82%D0%BE%D0%BC%D0%B0%D1%82%D0%B8%D1%87%D0%B5%D1%81%D0%BA%D0%B0%D1%8F+%D0%BF%D0%BE%D0%B6%D0%B0%D1%80%D0%BD%D0%B0%D1%8F+%D1%81%D0%B8%D0%B3%D0%BD%D0%B0%D0%BB%D0%B8%D0%B7%D0%B0%D1%86%D0%B8%D1%8F%C2%BB+2023.5-%D0%90%D0%9F%D0%A1+%D0%A2%D0%BE%D0%BC+11+%D0%98%D0%B7%D0%BC.+%E2%84%96%D0%B4%D0%BE%D0%BA.+%D0%9F%D0%BE%D0%B4%D0%BF.+%D0%94%D0%B0%D1%82%D0%B0+2023+%D0%B3.
2025-08-06 21:07:27,525 - config - ERROR - Ошибка парсинга Layta: 404 Client Error: Not Found for url: https://www.lait.ru/search/?q=%D0%9E%D0%B1%D1%89%D0%B5%D1%81%D1%82%D0%B2%D0%BE+%D1%81+%D0%BE%D0%B3%D1%80%D0%B0%D0%BD%D0%B8%D1%87%D0%B5%D0%BD%D0%BD%D0%BE%D0%B9+%D0%BE%D1%82%D0%B2%D0%B5%D1%82%D1%81%D1%82%D0%B2%D0%B5%D0%BD%D0%BD%D0%BE%D1%81%D1%82%D1%8C%D1%8E+%D0%9F%D1%80%D0%BE%D0%B5%D0%BA%D1%82%D0%BD%D0%BE-%D1%81%D1%82%D1%80%D0%BE%D0%B8%D1%82%D0%B5%D0%BB%D1%8C%D0%BD%D0%B0%D1%8F+%D0%BA%D0%BE%D0%BC%D0%BF%D0%B0%D0%BD%D0%B8%D1%8F+%C2%AB%D0%A1%D0%BE%D0%B4%D1%80%D1%83%D0%B6%D0%B5%D1%81%D1%82%D0%B2%D0%BE%C2%BB+(%D0%9E%D0%9E%D0%9E+%D0%9F%D0%A1%D0%9A+%C2%AB%D0%A1%D0%BE%D0%B4%D1%80%D1%83%D0%B6%D0%B5%D1%81%D1%82%D0%B2%D0%BE%C2%BB)+344013,+%D0%A0%D0%BE%D1%81%D1%82%D0%BE%D0%B2-%D0%BD%D0%B0-%D0%94%D0%BE%D0%BD%D1%83,+%D1%83%D0%BB.+20%D0%B0%D1%8F+%D1%83%D0%BB%D0%B8%D1%86%D0%B0,+%D0%B4.62%D0%92,+%D1%82%D0%B5%D0%BB,+%D1%84%D0%B0%D0%BA%D1%81:+(863)+234-23-06,+e-mail:rostovpsk@yandex.ru+%D0%97%D0%B0%D0%BA%D0%B0%D0%B7%D1%87%D0%B8%D0%BA:+%D0%9C%D0%91%D0%94%D0%9E%D0%A3+%D0%B4/%D1%81+%E2%84%965+%C2%AB%D0%96%D1%83%D1%80%D0%B0%D0%B2%D0%BB%D0%B8%D0%BA%C2%BB+%D0%9A%D0%B0%D0%BF%D0%B8%D1%82%D0%B0%D0%BB%D1%8C%D0%BD%D1%8B%D0%B9+%D1%80%D0%B5%D0%BC%D0%BE%D0%BD%D1%82+%D0%9C%D0%91%D0%94%D0%9E%D0%A3+%D0%B4/%D1%81+%E2%84%965+%C2%AB%D0%96%D1%83%D1%80%D0%B0%D0%B2%D0%BB%D0%B8%D0%BA%C2%BB+%D0%BF%D0%BE+%D0%B0%D0%B4%D1%80%D0%B5%D1%81%D1%83:+%D0%90%D0%BA%D1%81%D0%B0%D0%B9%D1%81%D0%BA%D0%B8%D0%B9+%D1%80%D0%B0%D0%B9%D0%BE%D0%BD,+%D0%B3.+%D0%90%D0%BA%D1%81%D0%B0%D0%B9,+%D1%83%D0%BB%D0%B8%D1%86%D0%B0+%D0%A0%D0%B5%D0%B2%D0%BE%D0%BB%D1%8E%D1%86%D0%B8%D0%B8,+60+%D0%A0%D0%90%D0%91%D0%9E%D0%A7%D0%90%D0%AF+%D0%94%D0%9E%D0%9A%D0%A3%D0%9C%D0%95%D0%9D%D0%A2%D0%90%D0%A6%D0%98%D0%AF+%C2%AB%D0%90%D0%B2%D1%82%D0%BE%D0%BC%D0%B0%D1%82%D0%B8%D1%87%D0%B5%D1%81%D0%BA%D0%B0%D1%8F+%D0%BF%D0%BE%D0%B6%D0%B0%D1%80%D0%BD%D0%B0%D1%8F+%D1%81%D0%B8%D0%B3%D0%BD%D0%B0%D0%BB%D0%B8%D0%B7%D0%B0%D1%86%D0%B8%D1%8F%C2%BB+2023.5-%D0%90%D0%9F%D0%A1+%D0%A2%D0%BE%D0%BC+11+%D0%98%D0%B7%D0%BC.+%E2%84%96%D0%B4%D0%BE%D0%BA.+%D0%9F%D0%BE%D0%B4%D0%BF.+%D0%94%D0%B0%D1%82%D0%B0+2023+%D0%B3.
2025-08-06 21:07:27,526 - config - WARNING - Ошибка при запросе к Layta (попытка 2): 404 Client Error: Not Found for url: https://www.lait.ru/search/?q=%D0%9E%D0%B1%D1%89%D0%B5%D1%81%D1%82%D0%B2%D0%BE+%D1%81+%D0%BE%D0%B3%D1%80%D0%B0%D0%BD%D0%B8%D1%87%D0%B5%D0%BD%D0%BD%D0%BE%D0%B9+%D0%BE%D1%82%D0%B2%D0%B5%D1%82%D1%81%D1%82%D0%B2%D0%B5%D0%BD%D0%BD%D0%BE%D1%81%D1%82%D1%8C%D1%8E+%D0%9F%D1%80%D0%BE%D0%B5%D0%BA%D1%82%D0%BD%D0%BE-%D1%81%D1%82%D1%80%D0%BE%D0%B8%D1%82%D0%B5%D0%BB%D1%8C%D0%BD%D0%B0%D1%8F+%D0%BA%D0%BE%D0%BC%D0%BF%D0%B0%D0%BD%D0%B8%D1%8F+%C2%AB%D0%A1%D0%BE%D0%B4%D1%80%D1%83%D0%B6%D0%B5%D1%81%D1%82%D0%B2%D0%BE%C2%BB+(%D0%9E%D0%9E%D0%9E+%D0%9F%D0%A1%D0%9A+%C2%AB%D0%A1%D0%BE%D0%B4%D1%80%D1%83%D0%B6%D0%B5%D1%81%D1%82%D0%B2%D0%BE%C2%BB)+344013,+%D0%A0%D0%BE%D1%81%D1%82%D0%BE%D0%B2-%D0%BD%D0%B0-%D0%94%D0%BE%D0%BD%D1%83,+%D1%83%D0%BB.+20%D0%B0%D1%8F+%D1%83%D0%BB%D0%B8%D1%86%D0%B0,+%D0%B4.62%D0%92,+%D1%82%D0%B5%D0%BB,+%D1%84%D0%B0%D0%BA%D1%81:+(863)+234-23-06,+e-mail:rostovpsk@yandex.ru+%D0%97%D0%B0%D0%BA%D0%B0%D0%B7%D1%87%D0%B8%D0%BA:+%D0%9C%D0%91%D0%94%D0%9E%D0%A3+%D0%B4/%D1%81+%E2%84%965+%C2%AB%D0%96%D1%83%D1%80%D0%B0%D0%B2%D0%BB%D0%B8%D0%BA%C2%BB+%D0%9A%D0%B0%D0%BF%D0%B8%D1%82%D0%B0%D0%BB%D1%8C%D0%BD%D1%8B%D0%B9+%D1%80%D0%B5%D0%BC%D0%BE%D0%BD%D1%82+%D0%9C%D0%91%D0%94%D0%9E%D0%A3+%D0%B4/%D1%81+%E2%84%965+%C2%AB%D0%96%D1%83%D1%80%D0%B0%D0%B2%D0%BB%D0%B8%D0%BA%C2%BB+%D0%BF%D0%BE+%D0%B0%D0%B4%D1%80%D0%B5%D1%81%D1%83:+%D0%90%D0%BA%D1%81%D0%B0%D0%B9%D1%81%D0%BA%D0%B8%D0%B9+%D1%80%D0%B0%D0%B9%D0%BE%D0%BD,+%D0%B3.+%D0%90%D0%BA%D1%81%D0%B0%D0%B9,+%D1%83%D0%BB%D0%B8%D1%86%D0%B0+%D0%A0%D0%B5%D0%B2%D0%BE%D0%BB%D1%8E%D1%86%D0%B8%D0%B8,+60+%D0%A0%D0%90%D0%91%D0%9E%D0%A7%D0%90%D0%AF+%D0%94%D0%9E%D0%9A%D0%A3%D0%9C%D0%95%D0%9D%D0%A2%D0%90%D0%A6%D0%98%D0%AF+%C2%AB%D0%90%D0%B2%D1%82%D0%BE%D0%BC%D0%B0%D1%82%D0%B8%D1%87%D0%B5%D1%81%D0%BA%D0%B0%D1%8F+%D0%BF%D0%BE%D0%B6%D0%B0%D1%80%D0%BD%D0%B0%D1%8F+%D1%81%D0%B8%D0%B3%D0%BD%D0%B0%D0%BB%D0%B8%D0%B7%D0%B0%D1%86%D0%B8%D1%8F%C2%BB+2023.5-%D0%90%D0%9F%D0%A1+%D0%A2%D0%BE%D0%BC+11+%D0%98%D0%B7%D0%BC.+%E2%84%96%D0%B4%D0%BE%D0%BA.+%D0%9F%D0%BE%D0%B4%D0%BF.+%D0%94%D0%B0%D1%82%D0%B0+2023+%D0%B3.
2025-08-06 21:07:30,999 - config - ERROR - Ошибка парсинга Layta: 404 Client Error: Not Found for url: https://www.lait.ru/search/?q=%D0%9E%D0%B1%D1%89%D0%B5%D1%81%D1%82%D0%B2%D0%BE+%D1%81+%D0%BE%D0%B3%D1%80%D0%B0%D0%BD%D0%B8%D1%87%D0%B5%D0%BD%D0%BD%D0%BE%D0%B9+%D0%BE%D1%82%D0%B2%D0%B5%D1%82%D1%81%D1%82%D0%B2%D0%B5%D0%BD%D0%BD%D0%BE%D1%81%D1%82%D1%8C%D1%8E+%D0%9F%D1%80%D0%BE%D0%B5%D0%BA%D1%82%D0%BD%D0%BE-%D1%81%D1%82%D1%80%D0%BE%D0%B8%D1%82%D0%B5%D0%BB%D1%8C%D0%BD%D0%B0%D1%8F+%D0%BA%D0%BE%D0%BC%D0%BF%D0%B0%D0%BD%D0%B8%D1%8F+%C2%AB%D0%A1%D0%BE%D0%B4%D1%80%D1%83%D0%B6%D0%B5%D1%81%D1%82%D0%B2%D0%BE%C2%BB+(%D0%9E%D0%9E%D0%9E+%D0%9F%D0%A1%D0%9A+%C2%AB%D0%A1%D0%BE%D0%B4%D1%80%D1%83%D0%B6%D0%B5%D1%81%D1%82%D0%B2%D0%BE%C2%BB)+344013,+%D0%A0%D0%BE%D1%81%D1%82%D0%BE%D0%B2-%D0%BD%D0%B0-%D0%94%D0%BE%D0%BD%D1%83,+%D1%83%D0%BB.+20%D0%B0%D1%8F+%D1%83%D0%BB%D0%B8%D1%86%D0%B0,+%D0%B4.62%D0%92,+%D1%82%D0%B5%D0%BB,+%D1%84%D0%B0%D0%BA%D1%81:+(863)+234-23-06,+e-mail:rostovpsk@yandex.ru+%D0%97%D0%B0%D0%BA%D0%B0%D0%B7%D1%87%D0%B8%D0%BA:+%D0%9C%D0%91%D0%94%D0%9E%D0%A3+%D0%B4/%D1%81+%E2%84%965+%C2%AB%D0%96%D1%83%D1%80%D0%B0%D0%B2%D0%BB%D0%B8%D0%BA%C2%BB+%D0%9A%D0%B0%D0%BF%D0%B8%D1%82%D0%B0%D0%BB%D1%8C%D0%BD%D1%8B%D0%B9+%D1%80%D0%B5%D0%BC%D0%BE%D0%BD%D1%82+%D0%9C%D0%91%D0%94%D0%9E%D0%A3+%D0%B4/%D1%81+%E2%84%965+%C2%AB%D0%96%D1%83%D1%80%D0%B0%D0%B2%D0%BB%D0%B8%D0%BA%C2%BB+%D0%BF%D0%BE+%D0%B0%D0%B4%D1%80%D0%B5%D1%81%D1%83:+%D0%90%D0%BA%D1%81%D0%B0%D0%B9%D1%81%D0%BA%D0%B8%D0%B9+%D1%80%D0%B0%D0%B9%D0%BE%D0%BD,+%D0%B3.+%D0%90%D0%BA%D1%81%D0%B0%D0%B9,+%D1%83%D0%BB%D0%B8%D1%86%D0%B0+%D0%A0%D0%B5%D0%B2%D0%BE%D0%BB%D1%8E%D1%86%D0%B8%D0%B8,+60+%D0%A0%D0%90%D0%91%D0%9E%D0%A7%D0%90%D0%AF+%D0%94%D0%9E%D0%9A%D0%A3%D0%9C%D0%95%D0%9D%D0%A2%D0%90%D0%A6%D0%98%D0%AF+%C2%AB%D0%90%D0%B2%D1%82%D0%BE%D0%BC%D0%B0%D1%82%D0%B8%D1%87%D0%B5%D1%81%D0%BA%D0%B0%D1%8F+%D0%BF%D0%BE%D0%B6%D0%B0%D1%80%D0%BD%D0%B0%D1%8F+%D1%81%D0%B8%D0%B3%D0%BD%D0%B0%D0%BB%D0%B8%D0%B7%D0%B0%D1%86%D0%B8%D1%8F%C2%BB+2023.5-%D0%90%D0%9F%D0%A1+%D0%A2%D0%BE%D0%BC+11+%D0%98%D0%B7%D0%BC.+%E2%84%96%D0%B4%D0%BE%D0%BA.+%D0%9F%D0%BE%D0%B4%D0%BF.+%D0%94%D0%B0%D1%82%D0%B0+2023+%D0%B3.
2025-08-06 21:07:31,000 - config - WARNING - Ошибка при запросе к Layta (попытка 3): 404 Client Error: Not Found for url: https://www.lait.ru/search/?q=%D0%9E%D0%B1%D1%89%D0%B5%D1%81%D1%82%D0%B2%D0%BE+%D1%81+%D0%BE%D0%B3%D1%80%D0%B0%D0%BD%D0%B8%D1%87%D0%B5%D0%BD%D0%BD%D0%BE%D0%B9+%D0%BE%D1%82%D0%B2%D0%B5%D1%82%D1%81%D1%82%D0%B2%D0%B5%D0%BD%D0%BD%D0%BE%D1%81%D1%82%D1%8C%D1%8E+%D0%9F%D1%80%D0%BE%D0%B5%D0%BA%D1%82%D0%BD%D0%BE-%D1%81%D1%82%D1%80%D0%BE%D0%B8%D1%82%D0%B5%D0%BB%D1%8C%D0%BD%D0%B0%D1%8F+%D0%BA%D0%BE%D0%BC%D0%BF%D0%B0%D0%BD%D0%B8%D1%8F+%C2%AB%D0%A1%D0%BE%D0%B4%D1%80%D1%83%D0%B6%D0%B5%D1%81%D1%82%D0%B2%D0%BE%C2%BB+(%D0%9E%D0%9E%D0%9E+%D0%9F%D0%A1%D0%9A+%C2%AB%D0%A1%D0%BE%D0%B4%D1%80%D1%83%D0%B6%D0%B5%D1%81%D1%82%D0%B2%D0%BE%C2%BB)+344013,+%D0%A0%D0%BE%D1%81%D1%82%D0%BE%D0%B2-%D0%BD%D0%B0-%D0%94%D0%BE%D0%BD%D1%83,+%D1%83%D0%BB.+20%D0%B0%D1%8F+%D1%83%D0%BB%D0%B8%D1%86%D0%B0,+%D0%B4.62%D0%92,+%D1%82%D0%B5%D0%BB,+%D1%84%D0%B0%D0%BA%D1%81:+(863)+234-23-06,+e-mail:rostovpsk@yandex.ru+%D0%97%D0%B0%D0%BA%D0%B0%D0%B7%D1%87%D0%B8%D0%BA:+%D0%9C%D0%91%D0%94%D0%9E%D0%A3+%D0%B4/%D1%81+%E2%84%965+%C2%AB%D0%96%D1%83%D1%80%D0%B0%D0%B2%D0%BB%D0%B8%D0%BA%C2%BB+%D0%9A%D0%B0%D0%BF%D0%B8%D1%82%D0%B0%D0%BB%D1%8C%D0%BD%D1%8B%D0%B9+%D1%80%D0%B5%D0%BC%D0%BE%D0%BD%D1%82+%D0%9C%D0%91%D0%94%D0%9E%D0%A3+%D0%B4/%D1%81+%E2%84%965+%C2%AB%D0%96%D1%83%D1%80%D0%B0%D0%B2%D0%BB%D0%B8%D0%BA%C2%BB+%D0%BF%D0%BE+%D0%B0%D0%B4%D1%80%D0%B5%D1%81%D1%83:+%D0%90%D0%BA%D1%81%D0%B0%D0%B9%D1%81%D0%BA%D0%B8%D0%B9+%D1%80%D0%B0%D0%B9%D0%BE%D0%BD,+%D0%B3.+%D0%90%D0%BA%D1%81%D0%B0%D0%B9,+%D1%83%D0%BB%D0%B8%D1%86%D0%B0+%D0%A0%D0%B5%D0%B2%D0%BE%D0%BB%D1%8E%D1%86%D0%B8%D0%B8,+60+%D0%A0%D0%90%D0%91%D0%9E%D0%A7%D0%90%D0%AF+%D0%94%D0%9E%D0%9A%D0%A3%D0%9C%D0%95%D0%9D%D0%A2%D0%90%D0%A6%D0%98%D0%AF+%C2%AB%D0%90%D0%B2%D1%82%D0%BE%D0%BC%D0%B0%D1%82%D0%B8%D1%87%D0%B5%D1%81%D0%BA%D0%B0%D1%8F+%D0%BF%D0%BE%D0%B6%D0%B0%D1%80%D0%BD%D0%B0%D1%8F+%D1%81%D0%B8%D0%B3%D0%BD%D0%B0%D0%BB%D0%B8%D0%B7%D0%B0%D1%86%D0%B8%D1%8F%C2%BB+2023.5-%D0%90%D0%9F%D0%A1+%D0%A2%D0%BE%D0%BC+11+%D0%98%D0%B7%D0%BC.+%E2%84%96%D0%B4%D0%BE%D0%BA.+%D0%9F%D0%BE%D0%B4%D0%BF.+%D0%94%D0%B0%D1%82%D0%B0+2023+%D0%B3.
2025-08-06 21:07:32,738 - httpx - INFO - HTTP Request: POST https://api.telegram.org/bot8246578993:AAGaUxNEW2LCIdh6qLp3Ee9fyTY0z8muMc4/getUpdates "HTTP/1.1 200 OK"
2025-08-06 21:07:42,809 - httpx - INFO - HTTP Request: POST https://api.telegram.org/bot8246578993:AAGaUxNEW2LCIdh6qLp3Ee9fyTY0z8muMc4/getUpdates "HTTP/1.1 200 OK"
2025-08-06 21:07:48,115 - config - ERROR - Ошибка парсинга LTV: HTTPSConnectionPool(host='ltvs.ru', port=443): Max retries exceeded with url: /search/?q= (Caused by NewConnectionError('<urllib3.connection.HTTPSConnection object at 0x0000022F10359700>: Failed to establish a new connection: [WinError 10061] Подключение не установлено, т.к. конечный компьютер отверг запрос на подключение'))
2025-08-06 21:07:48,116 - config - WARNING - Ошибка при запросе к LTV (попытка 1): HTTPSConnectionPool(host='ltvs.ru', port=443): Max retries exceeded with url: /search/?q= (Caused by NewConnectionError('<urllib3.connection.HTTPSConnection object at 0x0000022F10359700>: Failed to establish a new connection: [WinError 10061] Подключение не установлено, т.к. конечный компьютер отверг запрос на подключение'))
2025-08-06 21:07:51,999 - config - ERROR - Ошибка парсинга LTV: HTTPSConnectionPool(host='ltvs.ru', port=443): Max retries exceeded with url: /search/?q= (Caused by NewConnectionError('<urllib3.connection.HTTPSConnection object at 0x0000022F1035BEF0>: Failed to establish a new connection: [WinError 10061] Подключение не установлено, т.к. конечный компьютер отверг запрос на подключение'))
2025-08-06 21:07:51,999 - config - WARNING - Ошибка при запросе к LTV (попытка 2): HTTPSConnectionPool(host='ltvs.ru', port=443): Max retries exceeded with url: /search/?q= (Caused by NewConnectionError('<urllib3.connection.HTTPSConnection object at 0x0000022F1035BEF0>: Failed to establish a new connection: [WinError 10061] Подключение не установлено, т.к. конечный компьютер отверг запрос на подключение'))
2025-08-06 21:07:52,886 - httpx - INFO - HTTP Request: POST https://api.telegram.org/bot8246578993:AAGaUxNEW2LCIdh6qLp3Ee9fyTY0z8muMc4/getUpdates "HTTP/1.1 200 OK"
2025-08-06 21:07:57,385 - config - ERROR - Ошибка парсинга LTV: HTTPSConnectionPool(host='ltvs.ru', port=443): Max retries exceeded with url: /search/?q= (Caused by NewConnectionError('<urllib3.connection.HTTPSConnection object at 0x0000022F10268E60>: Failed to establish a new connection: [WinError 10061] Подключение не установлено, т.к. конечный компьютер отверг запрос на подключение'))
2025-08-06 21:07:57,385 - config - WARNING - Ошибка при запросе к LTV (попытка 3): HTTPSConnectionPool(host='ltvs.ru', port=443): Max retries exceeded with url: /search/?q= (Caused by NewConnectionError('<urllib3.connection.HTTPSConnection object at 0x0000022F10268E60>: Failed to establish a new connection: [WinError 10061] Подключение не установлено, т.к. конечный компьютер отверг запрос на подключение'))
2025-08-06 21:08:02,299 - config - ERROR - Ошибка парсинга Eltex: 404 Client Error: Not Found for url: https://eltexcom.ru/search/?q=
2025-08-06 21:08:02,299 - config - WARNING - Ошибка при запросе к Eltex (попытка 1): 404 Client Error: Not Found for url: https://eltexcom.ru/search/?q=
2025-08-06 21:08:02,956 - httpx - INFO - HTTP Request: POST https://api.telegram.org/bot8246578993:AAGaUxNEW2LCIdh6qLp3Ee9fyTY0z8muMc4/getUpdates "HTTP/1.1 200 OK"
2025-08-06 21:08:04,239 - config - ERROR - Ошибка парсинга Eltex: 404 Client Error: Not Found for url: https://eltexcom.ru/search/?q=
2025-08-06 21:08:04,239 - config - WARNING - Ошибка при запросе к Eltex (попытка 2): 404 Client Error: Not Found for url: https://eltexcom.ru/search/?q=
2025-08-06 21:08:07,653 - config - ERROR - Ошибка парсинга Eltex: 404 Client Error: Not Found for url: https://eltexcom.ru/search/?q=
2025-08-06 21:08:07,653 - config - WARNING - Ошибка при запросе к Eltex (попытка 3): 404 Client Error: Not Found for url: https://eltexcom.ru/search/?q=
2025-08-06 21:08:13,027 - httpx - INFO - HTTP Request: POST https://api.telegram.org/bot8246578993:AAGaUxNEW2LCIdh6qLp3Ee9fyTY0z8muMc4/getUpdates "HTTP/1.1 200 OK"
2025-08-06 21:08:22,836 - config - ERROR - Ошибка парсинга Layta: 404 Client Error: Not Found for url: https://www.lait.ru/search/?q=
2025-08-06 21:08:22,836 - config - WARNING - Ошибка при запросе к Layta (попытка 1): 404 Client Error: Not Found for url: https://www.lait.ru/search/?q=
2025-08-06 21:08:23,099 - httpx - INFO - HTTP Request: POST https://api.telegram.org/bot8246578993:AAGaUxNEW2LCIdh6qLp3Ee9fyTY0z8muMc4/getUpdates "HTTP/1.1 200 OK"
2025-08-06 21:08:24,787 - config - ERROR - Ошибка парсинга Layta: 404 Client Error: Not Found for url: https://www.lait.ru/search/?q=
2025-08-06 21:08:24,788 - config - WARNING - Ошибка при запросе к Layta (попытка 2): 404 Client Error: Not Found for url: https://www.lait.ru/search/?q=
2025-08-06 21:08:28,253 - config - ERROR - Ошибка парсинга Layta: 404 Client Error: Not Found for url: https://www.lait.ru/search/?q=
2025-08-06 21:08:28,254 - config - WARNING - Ошибка при запросе к Layta (попытка 3): 404 Client Error: Not Found for url: https://www.lait.ru/search/?q=
2025-08-06 21:08:33,168 - httpx - INFO - HTTP Request: POST https://api.telegram.org/bot8246578993:AAGaUxNEW2LCIdh6qLp3Ee9fyTY0z8muMc4/getUpdates "HTTP/1.1 200 OK"
2025-08-06 21:08:33,388 - config - ERROR - Ошибка парсинга ETM: 404 Client Error: Not Found for url: https://www.etm.ru/search?q=
2025-08-06 21:08:33,388 - config - WARNING - Ошибка при запросе к ETM (попытка 1): 404 Client Error: Not Found for url: https://www.etm.ru/search?q=
2025-08-06 21:08:35,397 - config - ERROR - Ошибка парсинга ETM: 404 Client Error: Not Found for url: https://www.etm.ru/search?q=
2025-08-06 21:08:35,397 - config - WARNING - Ошибка при запросе к ETM (попытка 2): 404 Client Error: Not Found for url: https://www.etm.ru/search?q=
2025-08-06 21:08:38,893 - config - ERROR - Ошибка парсинга ETM: 404 Client Error: Not Found for url: https://www.etm.ru/search?q=
2025-08-06 21:08:38,893 - config - WARNING - Ошибка при запросе к ETM (попытка 3): 404 Client Error: Not Found for url: https://www.etm.ru/search?q=
2025-08-06 21:08:43,241 - httpx - INFO - HTTP Request: POST https://api.telegram.org/bot8246578993:AAGaUxNEW2LCIdh6qLp3Ee9fyTY0z8muMc4/getUpdates "HTTP/1.1 200 OK"
2025-08-06 21:08:53,318 - httpx - INFO - HTTP Request: POST https://api.telegram.org/bot8246578993:AAGaUxNEW2LCIdh6qLp3Ee9fyTY0z8muMc4/getUpdates "HTTP/1.1 200 OK"
2025-08-06 21:09:03,387 - httpx - INFO - HTTP Request: POST https://api.telegram.org/bot8246578993:AAGaUxNEW2LCIdh6qLp3Ee9fyTY0z8muMc4/getUpdates "HTTP/1.1 200 OK"
2025-08-06 21:09:04,769 - config - INFO - Проанализировано 10/386 позиций
2025-08-06 21:09:04,770 - config - INFO - Проанализировано 20/386 позиций
2025-08-06 21:09:04,771 - config - INFO - Проанализировано 30/386 позиций
2025-08-06 21:09:04,772 - config - INFO - Проанализировано 40/386 позиций
2025-08-06 21:09:04,772 - config - INFO - Проанализировано 50/386 позиций
2025-08-06 21:09:13,467 - httpx - INFO - HTTP Request: POST https://api.telegram.org/bot8246578993:AAGaUxNEW2LCIdh6qLp3Ee9fyTY0z8muMc4/getUpdates "HTTP/1.1 200 OK"
2025-08-06 21:09:16,582 - config - ERROR - Ошибка парсинга ETM: 404 Client Error: Not Found for url: https://www.etm.ru/search?q=(cid:476)(cid:505)(cid:494)(cid:502)(cid:491)(cid:508)(cid:505)(cid:493)(cid:491)(cid:504)(cid:505)
2025-08-06 21:09:16,583 - config - WARNING - Ошибка при запросе к ETM (попытка 1): 404 Client Error: Not Found for url: https://www.etm.ru/search?q=(cid:476)(cid:505)(cid:494)(cid:502)(cid:491)(cid:508)(cid:505)(cid:493)(cid:491)(cid:504)(cid:505)
2025-08-06 21:09:18,588 - config - ERROR - Ошибка парсинга ETM: 404 Client Error: Not Found for url: https://www.etm.ru/search?q=(cid:476)(cid:505)(cid:494)(cid:502)(cid:491)(cid:508)(cid:505)(cid:493)(cid:491)(cid:504)(cid:505)
2025-08-06 21:09:18,588 - config - WARNING - Ошибка при запросе к ETM (попытка 2): 404 Client Error: Not Found for url: https://www.etm.ru/search?q=(cid:476)(cid:505)(cid:494)(cid:502)(cid:491)(cid:508)(cid:505)(cid:493)(cid:491)(cid:504)(cid:505)
2025-08-06 21:09:22,225 - config - ERROR - Ошибка парсинга ETM: 404 Client Error: Not Found for url: https://www.etm.ru/search?q=(cid:476)(cid:505)(cid:494)(cid:502)(cid:491)(cid:508)(cid:505)(cid:493)(cid:491)(cid:504)(cid:505)
2025-08-06 21:09:22,225 - config - WARNING - Ошибка при запросе к ETM (попытка 3): 404 Client Error: Not Found for url: https://www.etm.ru/search?q=(cid:476)(cid:505)(cid:494)(cid:502)(cid:491)(cid:508)(cid:505)(cid:493)(cid:491)(cid:504)(cid:505)
2025-08-06 21:09:23,540 - httpx - INFO - HTTP Request: POST https://api.telegram.org/bot8246578993:AAGaUxNEW2LCIdh6qLp3Ee9fyTY0z8muMc4/getUpdates "HTTP/1.1 200 OK"
2025-08-06 21:09:27,190 - config - ERROR - Ошибка парсинга Layta: 404 Client Error: Not Found for url: https://www.lait.ru/search/?q=(cid:476)(cid:505)(cid:494)(cid:502)(cid:491)(cid:508)(cid:505)(cid:493)(cid:491)(cid:504)(cid:505)
2025-08-06 21:09:27,190 - config - WARNING - Ошибка при запросе к Layta (попытка 1): 404 Client Error: Not Found for url: https://www.lait.ru/search/?q=(cid:476)(cid:505)(cid:494)(cid:502)(cid:491)(cid:508)(cid:505)(cid:493)(cid:491)(cid:504)(cid:505)
2025-08-06 21:09:29,157 - config - ERROR - Ошибка парсинга Layta: 404 Client Error: Not Found for url: https://www.lait.ru/search/?q=(cid:476)(cid:505)(cid:494)(cid:502)(cid:491)(cid:508)(cid:505)(cid:493)(cid:491)(cid:504)(cid:505)
2025-08-06 21:09:29,157 - config - WARNING - Ошибка при запросе к Layta (попытка 2): 404 Client Error: Not Found for url: https://www.lait.ru/search/?q=(cid:476)(cid:505)(cid:494)(cid:502)(cid:491)(cid:508)(cid:505)(cid:493)(cid:491)(cid:504)(cid:505)
2025-08-06 21:09:32,616 - config - ERROR - Ошибка парсинга Layta: 404 Client Error: Not Found for url: https://www.lait.ru/search/?q=(cid:476)(cid:505)(cid:494)(cid:502)(cid:491)(cid:508)(cid:505)(cid:493)(cid:491)(cid:504)(cid:505)
2025-08-06 21:09:32,617 - config - WARNING - Ошибка при запросе к Layta (попытка 3): 404 Client Error: Not Found for url: https://www.lait.ru/search/?q=(cid:476)(cid:505)(cid:494)(cid:502)(cid:491)(cid:508)(cid:505)(cid:493)(cid:491)(cid:504)(cid:505)
2025-08-06 21:09:33,619 - httpx - INFO - HTTP Request: POST https://api.telegram.org/bot8246578993:AAGaUxNEW2LCIdh6qLp3Ee9fyTY0z8muMc4/getUpdates "HTTP/1.1 200 OK"
2025-08-06 21:09:39,526 - config - ERROR - Ошибка парсинга LTV: HTTPSConnectionPool(host='ltvs.ru', port=443): Max retries exceeded with url: /search/?q=(cid:476)(cid:505)(cid:494)(cid:502)(cid:491)(cid:508)(cid:505)(cid:493)(cid:491)(cid:504)(cid:505) (Caused by NewConnectionError('<urllib3.connection.HTTPSConnection object at 0x0000022F1025B740>: Failed to establish a new connection: [WinError 10061] Подключение не установлено, т.к. конечный компьютер отверг запрос на подключение'))
2025-08-06 21:09:39,526 - config - WARNING - Ошибка при запросе к LTV (попытка 1): HTTPSConnectionPool(host='ltvs.ru', port=443): Max retries exceeded with url: /search/?q=(cid:476)(cid:505)(cid:494)(cid:502)(cid:491)(cid:508)(cid:505)(cid:493)(cid:491)(cid:504)(cid:505) (Caused by NewConnectionError('<urllib3.connection.HTTPSConnection object at 0x0000022F1025B740>: Failed to establish a new connection: [WinError 10061] Подключение не установлено, т.к. конечный компьютер отверг запрос на подключение'))
2025-08-06 21:09:43,428 - config - ERROR - Ошибка парсинга LTV: HTTPSConnectionPool(host='ltvs.ru', port=443): Max retries exceeded with url: /search/?q=(cid:476)(cid:505)(cid:494)(cid:502)(cid:491)(cid:508)(cid:505)(cid:493)(cid:491)(cid:504)(cid:505) (Caused by NewConnectionError('<urllib3.connection.HTTPSConnection object at 0x0000022F1025AB10>: Failed to establish a new connection: [WinError 10061] Подключение не установлено, т.к. конечный компьютер отверг запрос на подключение'))
2025-08-06 21:09:43,429 - config - WARNING - Ошибка при запросе к LTV (попытка 2): HTTPSConnectionPool(host='ltvs.ru', port=443): Max retries exceeded with url: /search/?q=(cid:476)(cid:505)(cid:494)(cid:502)(cid:491)(cid:508)(cid:505)(cid:493)(cid:491)(cid:504)(cid:505) (Caused by NewConnectionError('<urllib3.connection.HTTPSConnection object at 0x0000022F1025AB10>: Failed to establish a new connection: [WinError 10061] Подключение не установлено, т.к. конечный компьютер отверг запрос на подключение'))
2025-08-06 21:09:43,690 - httpx - INFO - HTTP Request: POST https://api.telegram.org/bot8246578993:AAGaUxNEW2LCIdh6qLp3Ee9fyTY0z8muMc4/getUpdates "HTTP/1.1 200 OK"
2025-08-06 21:09:48,818 - config - ERROR - Ошибка парсинга LTV: HTTPSConnectionPool(host='ltvs.ru', port=443): Max retries exceeded with url: /search/?q=(cid:476)(cid:505)(cid:494)(cid:502)(cid:491)(cid:508)(cid:505)(cid:493)(cid:491)(cid:504)(cid:505) (Caused by NewConnectionError('<urllib3.connection.HTTPSConnection object at 0x0000022F0EB692E0>: Failed to establish a new connection: [WinError 10061] Подключение не установлено, т.к. конечный компьютер отверг запрос на подключение'))
2025-08-06 21:09:48,819 - config - WARNING - Ошибка при запросе к LTV (попытка 3): HTTPSConnectionPool(host='ltvs.ru', port=443): Max retries exceeded with url: /search/?q=(cid:476)(cid:505)(cid:494)(cid:502)(cid:491)(cid:508)(cid:505)(cid:493)(cid:491)(cid:504)(cid:505) (Caused by NewConnectionError('<urllib3.connection.HTTPSConnection object at 0x0000022F0EB692E0>: Failed to establish a new connection: [WinError 10061] Подключение не установлено, т.к. конечный компьютер отверг запрос на подключение'))
2025-08-06 21:09:53,760 - httpx - INFO - HTTP Request: POST https://api.telegram.org/bot8246578993:AAGaUxNEW2LCIdh6qLp3Ee9fyTY0z8muMc4/getUpdates "HTTP/1.1 200 OK"
2025-08-06 21:10:03,838 - httpx - INFO - HTTP Request: POST https://api.telegram.org/bot8246578993:AAGaUxNEW2LCIdh6qLp3Ee9fyTY0z8muMc4/getUpdates "HTTP/1.1 200 OK"
2025-08-06 21:10:03,908 - config - ERROR - Ошибка парсинга Eltex: 404 Client Error: Not Found for url: https://eltexcom.ru/search/?q=(cid:476)(cid:505)(cid:494)(cid:502)(cid:491)(cid:508)(cid:505)(cid:493)(cid:491)(cid:504)(cid:505)
2025-08-06 21:10:03,908 - config - WARNING - Ошибка при запросе к Eltex (попытка 1): 404 Client Error: Not Found for url: https://eltexcom.ru/search/?q=(cid:476)(cid:505)(cid:494)(cid:502)(cid:491)(cid:508)(cid:505)(cid:493)(cid:491)(cid:504)(cid:505)
2025-08-06 21:10:05,933 - config - ERROR - Ошибка парсинга Eltex: 404 Client Error: Not Found for url: https://eltexcom.ru/search/?q=(cid:476)(cid:505)(cid:494)(cid:502)(cid:491)(cid:508)(cid:505)(cid:493)(cid:491)(cid:504)(cid:505)
2025-08-06 21:10:05,933 - config - WARNING - Ошибка при запросе к Eltex (попытка 2): 404 Client Error: Not Found for url: https://eltexcom.ru/search/?q=(cid:476)(cid:505)(cid:494)(cid:502)(cid:491)(cid:508)(cid:505)(cid:493)(cid:491)(cid:504)(cid:505)
2025-08-06 21:10:09,333 - config - ERROR - Ошибка парсинга Eltex: 404 Client Error: Not Found for url: https://eltexcom.ru/search/?q=(cid:476)(cid:505)(cid:494)(cid:502)(cid:491)(cid:508)(cid:505)(cid:493)(cid:491)(cid:504)(cid:505)
2025-08-06 21:10:09,334 - config - WARNING - Ошибка при запросе к Eltex (попытка 3): 404 Client Error: Not Found for url: https://eltexcom.ru/search/?q=(cid:476)(cid:505)(cid:494)(cid:502)(cid:491)(cid:508)(cid:505)(cid:493)(cid:491)(cid:504)(cid:505)
2025-08-06 21:10:13,924 - httpx - INFO - HTTP Request: POST https://api.telegram.org/bot8246578993:AAGaUxNEW2LCIdh6qLp3Ee9fyTY0z8muMc4/getUpdates "HTTP/1.1 200 OK"
2025-08-06 21:10:24,005 - httpx - INFO - HTTP Request: POST https://api.telegram.org/bot8246578993:AAGaUxNEW2LCIdh6qLp3Ee9fyTY0z8muMc4/getUpdates "HTTP/1.1 200 OK"
2025-08-06 21:10:24,090 - config - INFO - Проанализировано 60/386 позиций
2025-08-06 21:10:24,091 - config - INFO - Проанализировано 70/386 позиций
2025-08-06 21:10:24,092 - config - INFO - Проанализировано 80/386 позиций
2025-08-06 21:10:34,075 - httpx - INFO - HTTP Request: POST https://api.telegram.org/bot8246578993:AAGaUxNEW2LCIdh6qLp3Ee9fyTY0z8muMc4/getUpdates "HTTP/1.1 200 OK"
2025-08-06 21:10:44,148 - httpx - INFO - HTTP Request: POST https://api.telegram.org/bot8246578993:AAGaUxNEW2LCIdh6qLp3Ee9fyTY0z8muMc4/getUpdates "HTTP/1.1 200 OK"
2025-08-06 21:10:45,007 - config - ERROR - Ошибка парсинга Eltex: 404 Client Error: Not Found for url: https://eltexcom.ru/search/?q=(cid:470)(cid:503)(cid:501)(cid:494)(cid:505)(cid:504)(cid:503)(cid:501)(cid:494)-(cid:514)(cid:494)(cid:502)(cid:497)(cid:520)
2025-08-06 21:10:45,007 - config - WARNING - Ошибка при запросе к Eltex (попытка 1): 404 Client Error: Not Found for url: https://eltexcom.ru/search/?q=(cid:470)(cid:503)(cid:501)(cid:494)(cid:505)(cid:504)(cid:503)(cid:501)(cid:494)-(cid:514)(cid:494)(cid:502)(cid:497)(cid:520)
2025-08-06 21:10:46,917 - config - ERROR - Ошибка парсинга Eltex: 404 Client Error: Not Found for url: https://eltexcom.ru/search/?q=(cid:470)(cid:503)(cid:501)(cid:494)(cid:505)(cid:504)(cid:503)(cid:501)(cid:494)-(cid:514)(cid:494)(cid:502)(cid:497)(cid:520)
2025-08-06 21:10:46,917 - config - WARNING - Ошибка при запросе к Eltex (попытка 2): 404 Client Error: Not Found for url: https://eltexcom.ru/search/?q=(cid:470)(cid:503)(cid:501)(cid:494)(cid:505)(cid:504)(cid:503)(cid:501)(cid:494)-(cid:514)(cid:494)(cid:502)(cid:497)(cid:520)
2025-08-06 21:10:50,320 - config - ERROR - Ошибка парсинга Eltex: 404 Client Error: Not Found for url: https://eltexcom.ru/search/?q=(cid:470)(cid:503)(cid:501)(cid:494)(cid:505)(cid:504)(cid:503)(cid:501)(cid:494)-(cid:514)(cid:494)(cid:502)(cid:497)(cid:520)
2025-08-06 21:10:50,320 - config - WARNING - Ошибка при запросе к Eltex (попытка 3): 404 Client Error: Not Found for url: https://eltexcom.ru/search/?q=(cid:470)(cid:503)(cid:501)(cid:494)(cid:505)(cid:504)(cid:503)(cid:501)(cid:494)-(cid:514)(cid:494)(cid:502)(cid:497)(cid:520)
2025-08-06 21:10:54,216 - httpx - INFO - HTTP Request: POST https://api.telegram.org/bot8246578993:AAGaUxNEW2LCIdh6qLp3Ee9fyTY0z8muMc4/getUpdates "HTTP/1.1 200 OK"
2025-08-06 21:10:55,314 - config - ERROR - Ошибка парсинга Layta: 404 Client Error: Not Found for url: https://www.lait.ru/search/?q=(cid:470)(cid:503)(cid:501)(cid:494)(cid:505)(cid:504)(cid:503)(cid:501)(cid:494)-(cid:514)(cid:494)(cid:502)(cid:497)(cid:520)
2025-08-06 21:10:55,314 - config - WARNING - Ошибка при запросе к Layta (попытка 1): 404 Client Error: Not Found for url: https://www.lait.ru/search/?q=(cid:470)(cid:503)(cid:501)(cid:494)(cid:505)(cid:504)(cid:503)(cid:501)(cid:494)-(cid:514)(cid:494)(cid:502)(cid:497)(cid:520)
2025-08-06 21:10:57,282 - config - ERROR - Ошибка парсинга Layta: 404 Client Error: Not Found for url: https://www.lait.ru/search/?q=(cid:470)(cid:503)(cid:501)(cid:494)(cid:505)(cid:504)(cid:503)(cid:501)(cid:494)-(cid:514)(cid:494)(cid:502)(cid:497)(cid:520)
2025-08-06 21:10:57,282 - config - WARNING - Ошибка при запросе к Layta (попытка 2): 404 Client Error: Not Found for url: https://www.lait.ru/search/?q=(cid:470)(cid:503)(cid:501)(cid:494)(cid:505)(cid:504)(cid:503)(cid:501)(cid:494)-(cid:514)(cid:494)(cid:502)(cid:497)(cid:520)
2025-08-06 21:11:01,575 - config - ERROR - Ошибка парсинга Layta: 404 Client Error: Not Found for url: https://www.lait.ru/search/?q=(cid:470)(cid:503)(cid:501)(cid:494)(cid:505)(cid:504)(cid:503)(cid:501)(cid:494)-(cid:514)(cid:494)(cid:502)(cid:497)(cid:520)
2025-08-06 21:11:01,575 - config - WARNING - Ошибка при запросе к Layta (попытка 3): 404 Client Error: Not Found for url: https://www.lait.ru/search/?q=(cid:470)(cid:503)(cid:501)(cid:494)(cid:505)(cid:504)(cid:503)(cid:501)(cid:494)-(cid:514)(cid:494)(cid:502)(cid:497)(cid:520)
2025-08-06 21:11:04,287 - httpx - INFO - HTTP Request: POST https://api.telegram.org/bot8246578993:AAGaUxNEW2LCIdh6qLp3Ee9fyTY0z8muMc4/getUpdates "HTTP/1.1 200 OK"
2025-08-06 21:11:14,357 - httpx - INFO - HTTP Request: POST https://api.telegram.org/bot8246578993:AAGaUxNEW2LCIdh6qLp3Ee9fyTY0z8muMc4/getUpdates "HTTP/1.1 200 OK"
2025-08-06 21:11:17,956 - config - ERROR - Ошибка парсинга ETM: 404 Client Error: Not Found for url: https://www.etm.ru/search?q=(cid:470)(cid:503)(cid:501)(cid:494)(cid:505)(cid:504)(cid:503)(cid:501)(cid:494)-(cid:514)(cid:494)(cid:502)(cid:497)(cid:520)
2025-08-06 21:11:17,956 - config - WARNING - Ошибка при запросе к ETM (попытка 1): 404 Client Error: Not Found for url: https://www.etm.ru/search?q=(cid:470)(cid:503)(cid:501)(cid:494)(cid:505)(cid:504)(cid:503)(cid:501)(cid:494)-(cid:514)(cid:494)(cid:502)(cid:497)(cid:520)
2025-08-06 21:11:20,099 - config - ERROR - Ошибка парсинга ETM: 404 Client Error: Not Found for url: https://www.etm.ru/search?q=(cid:470)(cid:503)(cid:501)(cid:494)(cid:505)(cid:504)(cid:503)(cid:501)(cid:494)-(cid:514)(cid:494)(cid:502)(cid:497)(cid:520)
2025-08-06 21:11:20,100 - config - WARNING - Ошибка при запросе к ETM (попытка 2): 404 Client Error: Not Found for url: https://www.etm.ru/search?q=(cid:470)(cid:503)(cid:501)(cid:494)(cid:505)(cid:504)(cid:503)(cid:501)(cid:494)-(cid:514)(cid:494)(cid:502)(cid:497)(cid:520)
2025-08-06 21:11:23,602 - config - ERROR - Ошибка парсинга ETM: 404 Client Error: Not Found for url: https://www.etm.ru/search?q=(cid:470)(cid:503)(cid:501)(cid:494)(cid:505)(cid:504)(cid:503)(cid:501)(cid:494)-(cid:514)(cid:494)(cid:502)(cid:497)(cid:520)
2025-08-06 21:11:23,602 - config - WARNING - Ошибка при запросе к ETM (попытка 3): 404 Client Error: Not Found for url: https://www.etm.ru/search?q=(cid:470)(cid:503)(cid:501)(cid:494)(cid:505)(cid:504)(cid:503)(cid:501)(cid:494)-(cid:514)(cid:494)(cid:502)(cid:497)(cid:520)
2025-08-06 21:11:24,428 - httpx - INFO - HTTP Request: POST https://api.telegram.org/bot8246578993:AAGaUxNEW2LCIdh6qLp3Ee9fyTY0z8muMc4/getUpdates "HTTP/1.1 200 OK"
2025-08-06 21:11:30,478 - config - ERROR - Ошибка парсинга LTV: HTTPSConnectionPool(host='ltvs.ru', port=443): Max retries exceeded with url: /search/?q=(cid:470)(cid:503)(cid:501)(cid:494)(cid:505)(cid:504)(cid:503)(cid:501)(cid:494)-(cid:514)(cid:494)(cid:502)(cid:497)(cid:520) (Caused by NewConnectionError('<urllib3.connection.HTTPSConnection object at 0x0000022F102735F0>: Failed to establish a new connection: [WinError 10061] Подключение не установлено, т.к. конечный компьютер отверг запрос на подключение'))
2025-08-06 21:11:30,480 - config - WARNING - Ошибка при запросе к LTV (попытка 1): HTTPSConnectionPool(host='ltvs.ru', port=443): Max retries exceeded with url: /search/?q=(cid:470)(cid:503)(cid:501)(cid:494)(cid:505)(cid:504)(cid:503)(cid:501)(cid:494)-(cid:514)(cid:494)(cid:502)(cid:497)(cid:520) (Caused by NewConnectionError('<urllib3.connection.HTTPSConnection object at 0x0000022F102735F0>: Failed to establish a new connection: [WinError 10061] Подключение не установлено, т.к. конечный компьютер отверг запрос на подключение'))
2025-08-06 21:11:34,366 - config - ERROR - Ошибка парсинга LTV: HTTPSConnectionPool(host='ltvs.ru', port=443): Max retries exceeded with url: /search/?q=(cid:470)(cid:503)(cid:501)(cid:494)(cid:505)(cid:504)(cid:503)(cid:501)(cid:494)-(cid:514)(cid:494)(cid:502)(cid:497)(cid:520) (Caused by NewConnectionError('<urllib3.connection.HTTPSConnection object at 0x0000022F102700B0>: Failed to establish a new connection: [WinError 10061] Подключение не установлено, т.к. конечный компьютер отверг запрос на подключение'))
2025-08-06 21:11:34,368 - config - WARNING - Ошибка при запросе к LTV (попытка 2): HTTPSConnectionPool(host='ltvs.ru', port=443): Max retries exceeded with url: /search/?q=(cid:470)(cid:503)(cid:501)(cid:494)(cid:505)(cid:504)(cid:503)(cid:501)(cid:494)-(cid:514)(cid:494)(cid:502)(cid:497)(cid:520) (Caused by NewConnectionError('<urllib3.connection.HTTPSConnection object at 0x0000022F102700B0>: Failed to establish a new connection: [WinError 10061] Подключение не установлено, т.к. конечный компьютер отверг запрос на подключение'))
2025-08-06 21:11:34,499 - httpx - INFO - HTTP Request: POST https://api.telegram.org/bot8246578993:AAGaUxNEW2LCIdh6qLp3Ee9fyTY0z8muMc4/getUpdates "HTTP/1.1 200 OK"
2025-08-06 21:11:39,794 - config - ERROR - Ошибка парсинга LTV: HTTPSConnectionPool(host='ltvs.ru', port=443): Max retries exceeded with url: /search/?q=(cid:470)(cid:503)(cid:501)(cid:494)(cid:505)(cid:504)(cid:503)(cid:501)(cid:494)-(cid:514)(cid:494)(cid:502)(cid:497)(cid:520) (Caused by NewConnectionError('<urllib3.connection.HTTPSConnection object at 0x0000022F10273440>: Failed to establish a new connection: [WinError 10061] Подключение не установлено, т.к. конечный компьютер отверг запрос на подключение'))
2025-08-06 21:11:39,795 - config - WARNING - Ошибка при запросе к LTV (попытка 3): HTTPSConnectionPool(host='ltvs.ru', port=443): Max retries exceeded with url: /search/?q=(cid:470)(cid:503)(cid:501)(cid:494)(cid:505)(cid:504)(cid:503)(cid:501)(cid:494)-(cid:514)(cid:494)(cid:502)(cid:497)(cid:520) (Caused by NewConnectionError('<urllib3.connection.HTTPSConnection object at 0x0000022F10273440>: Failed to establish a new connection: [WinError 10061] Подключение не установлено, т.к. конечный компьютер отверг запрос на подключение'))
2025-08-06 21:11:44,568 - httpx - INFO - HTTP Request: POST https://api.telegram.org/bot8246578993:AAGaUxNEW2LCIdh6qLp3Ee9fyTY0z8muMc4/getUpdates "HTTP/1.1 200 OK"
2025-08-06 21:11:44,718 - config - ERROR - Ошибка парсинга Eltex: 404 Client Error: Not Found for url: https://eltexcom.ru/search/?q=101
2025-08-06 21:11:44,719 - config - WARNING - Ошибка при запросе к Eltex (попытка 1): 404 Client Error: Not Found for url: https://eltexcom.ru/search/?q=101
2025-08-06 21:11:46,645 - config - ERROR - Ошибка парсинга Eltex: 404 Client Error: Not Found for url: https://eltexcom.ru/search/?q=101
2025-08-06 21:11:46,646 - config - WARNING - Ошибка при запросе к Eltex (попытка 2): 404 Client Error: Not Found for url: https://eltexcom.ru/search/?q=101
2025-08-06 21:11:50,068 - config - ERROR - Ошибка парсинга Eltex: 404 Client Error: Not Found for url: https://eltexcom.ru/search/?q=101
2025-08-06 21:11:50,069 - config - WARNING - Ошибка при запросе к Eltex (попытка 3): 404 Client Error: Not Found for url: https://eltexcom.ru/search/?q=101
2025-08-06 21:11:54,641 - httpx - INFO - HTTP Request: POST https://api.telegram.org/bot8246578993:AAGaUxNEW2LCIdh6qLp3Ee9fyTY0z8muMc4/getUpdates "HTTP/1.1 200 OK"
2025-08-06 21:11:55,039 - config - ERROR - Ошибка парсинга Layta: 404 Client Error: Not Found for url: https://www.lait.ru/search/?q=101
2025-08-06 21:11:55,040 - config - WARNING - Ошибка при запросе к Layta (попытка 1): 404 Client Error: Not Found for url: https://www.lait.ru/search/?q=101
2025-08-06 21:11:57,016 - config - ERROR - Ошибка парсинга Layta: 404 Client Error: Not Found for url: https://www.lait.ru/search/?q=101
2025-08-06 21:11:57,017 - config - WARNING - Ошибка при запросе к Layta (попытка 2): 404 Client Error: Not Found for url: https://www.lait.ru/search/?q=101
2025-08-06 21:12:00,552 - config - ERROR - Ошибка парсинга Layta: 404 Client Error: Not Found for url: https://www.lait.ru/search/?q=101
2025-08-06 21:12:00,553 - config - WARNING - Ошибка при запросе к Layta (попытка 3): 404 Client Error: Not Found for url: https://www.lait.ru/search/?q=101
2025-08-06 21:12:04,723 - httpx - INFO - HTTP Request: POST https://api.telegram.org/bot8246578993:AAGaUxNEW2LCIdh6qLp3Ee9fyTY0z8muMc4/getUpdates "HTTP/1.1 200 OK"
2025-08-06 21:12:14,792 - httpx - INFO - HTTP Request: POST https://api.telegram.org/bot8246578993:AAGaUxNEW2LCIdh6qLp3Ee9fyTY0z8muMc4/getUpdates "HTTP/1.1 200 OK"
2025-08-06 21:12:17,682 - config - ERROR - Ошибка парсинга LTV: HTTPSConnectionPool(host='ltvs.ru', port=443): Max retries exceeded with url: /search/?q=101 (Caused by NewConnectionError('<urllib3.connection.HTTPSConnection object at 0x0000022F103E8C50>: Failed to establish a new connection: [WinError 10061] Подключение не установлено, т.к. конечный компьютер отверг запрос на подключение'))
2025-08-06 21:12:17,683 - config - WARNING - Ошибка при запросе к LTV (попытка 1): HTTPSConnectionPool(host='ltvs.ru', port=443): Max retries exceeded with url: /search/?q=101 (Caused by NewConnectionError('<urllib3.connection.HTTPSConnection object at 0x0000022F103E8C50>: Failed to establish a new connection: [WinError 10061] Подключение не установлено, т.к. конечный компьютер отверг запрос на подключение'))
2025-08-06 21:12:21,564 - config - ERROR - Ошибка парсинга LTV: HTTPSConnectionPool(host='ltvs.ru', port=443): Max retries exceeded with url: /search/?q=101 (Caused by NewConnectionError('<urllib3.connection.HTTPSConnection object at 0x0000022F102B0320>: Failed to establish a new connection: [WinError 10061] Подключение не установлено, т.к. конечный компьютер отверг запрос на подключение'))
2025-08-06 21:12:21,565 - config - WARNING - Ошибка при запросе к LTV (попытка 2): HTTPSConnectionPool(host='ltvs.ru', port=443): Max retries exceeded with url: /search/?q=101 (Caused by NewConnectionError('<urllib3.connection.HTTPSConnection object at 0x0000022F102B0320>: Failed to establish a new connection: [WinError 10061] Подключение не установлено, т.к. конечный компьютер отверг запрос на подключение'))
2025-08-06 21:12:24,866 - httpx - INFO - HTTP Request: POST https://api.telegram.org/bot8246578993:AAGaUxNEW2LCIdh6qLp3Ee9fyTY0z8muMc4/getUpdates "HTTP/1.1 200 OK"
2025-08-06 21:12:26,963 - config - ERROR - Ошибка парсинга LTV: HTTPSConnectionPool(host='ltvs.ru', port=443): Max retries exceeded with url: /search/?q=101 (Caused by NewConnectionError('<urllib3.connection.HTTPSConnection object at 0x0000022F10482E10>: Failed to establish a new connection: [WinError 10061] Подключение не установлено, т.к. конечный компьютер отверг запрос на подключение'))
2025-08-06 21:12:26,964 - config - WARNING - Ошибка при запросе к LTV (попытка 3): HTTPSConnectionPool(host='ltvs.ru', port=443): Max retries exceeded with url: /search/?q=101 (Caused by NewConnectionError('<urllib3.connection.HTTPSConnection object at 0x0000022F10482E10>: Failed to establish a new connection: [WinError 10061] Подключение не установлено, т.к. конечный компьютер отверг запрос на подключение'))
2025-08-06 21:12:34,936 - httpx - INFO - HTTP Request: POST https://api.telegram.org/bot8246578993:AAGaUxNEW2LCIdh6qLp3Ee9fyTY0z8muMc4/getUpdates "HTTP/1.1 200 OK"
2025-08-06 21:12:45,006 - httpx - INFO - HTTP Request: POST https://api.telegram.org/bot8246578993:AAGaUxNEW2LCIdh6qLp3Ee9fyTY0z8muMc4/getUpdates "HTTP/1.1 200 OK"
2025-08-06 21:12:53,902 - config - ERROR - Ошибка парсинга ETM: 404 Client Error: Not Found for url: https://www.etm.ru/search?q=101
2025-08-06 21:12:53,902 - config - WARNING - Ошибка при запросе к ETM (попытка 1): 404 Client Error: Not Found for url: https://www.etm.ru/search?q=101
2025-08-06 21:12:55,077 - httpx - INFO - HTTP Request: POST https://api.telegram.org/bot8246578993:AAGaUxNEW2LCIdh6qLp3Ee9fyTY0z8muMc4/getUpdates "HTTP/1.1 200 OK"
2025-08-06 21:12:56,061 - config - ERROR - Ошибка парсинга ETM: 404 Client Error: Not Found for url: https://www.etm.ru/search?q=101
2025-08-06 21:12:56,061 - config - WARNING - Ошибка при запросе к ETM (попытка 2): 404 Client Error: Not Found for url: https://www.etm.ru/search?q=101
2025-08-06 21:12:59,689 - config - ERROR - Ошибка парсинга ETM: 404 Client Error: Not Found for url: https://www.etm.ru/search?q=101
2025-08-06 21:12:59,690 - config - WARNING - Ошибка при запросе к ETM (попытка 3): 404 Client Error: Not Found for url: https://www.etm.ru/search?q=101
2025-08-06 21:13:04,199 - config - INFO - Проанализировано 90/386 позиций
2025-08-06 21:13:04,655 - config - ERROR - Ошибка парсинга Layta: 404 Client Error: Not Found for url: https://www.lait.ru/search/?q=102
2025-08-06 21:13:04,655 - config - WARNING - Ошибка при запросе к Layta (попытка 1): 404 Client Error: Not Found for url: https://www.lait.ru/search/?q=102
2025-08-06 21:13:05,152 - httpx - INFO - HTTP Request: POST https://api.telegram.org/bot8246578993:AAGaUxNEW2LCIdh6qLp3Ee9fyTY0z8muMc4/getUpdates "HTTP/1.1 200 OK"
2025-08-06 21:13:06,600 - config - ERROR - Ошибка парсинга Layta: 404 Client Error: Not Found for url: https://www.lait.ru/search/?q=102
2025-08-06 21:13:06,600 - config - WARNING - Ошибка при запросе к Layta (попытка 2): 404 Client Error: Not Found for url: https://www.lait.ru/search/?q=102
2025-08-06 21:13:10,095 - config - ERROR - Ошибка парсинга Layta: 404 Client Error: Not Found for url: https://www.lait.ru/search/?q=102
2025-08-06 21:13:10,095 - config - WARNING - Ошибка при запросе к Layta (попытка 3): 404 Client Error: Not Found for url: https://www.lait.ru/search/?q=102
2025-08-06 21:13:15,221 - httpx - INFO - HTTP Request: POST https://api.telegram.org/bot8246578993:AAGaUxNEW2LCIdh6qLp3Ee9fyTY0z8muMc4/getUpdates "HTTP/1.1 200 OK"
2025-08-06 21:13:25,297 - httpx - INFO - HTTP Request: POST https://api.telegram.org/bot8246578993:AAGaUxNEW2LCIdh6qLp3Ee9fyTY0z8muMc4/getUpdates "HTTP/1.1 200 OK"
2025-08-06 21:13:35,373 - httpx - INFO - HTTP Request: POST https://api.telegram.org/bot8246578993:AAGaUxNEW2LCIdh6qLp3Ee9fyTY0z8muMc4/getUpdates "HTTP/1.1 200 OK"
2025-08-06 21:13:38,457 - config - ERROR - Ошибка парсинга LTV: HTTPSConnectionPool(host='ltvs.ru', port=443): Max retries exceeded with url: /search/?q=102 (Caused by NewConnectionError('<urllib3.connection.HTTPSConnection object at 0x0000022F104DC5F0>: Failed to establish a new connection: [WinError 10061] Подключение не установлено, т.к. конечный компьютер отверг запрос на подключение'))
2025-08-06 21:13:38,457 - config - WARNING - Ошибка при запросе к LTV (попытка 1): HTTPSConnectionPool(host='ltvs.ru', port=443): Max retries exceeded with url: /search/?q=102 (Caused by NewConnectionError('<urllib3.connection.HTTPSConnection object at 0x0000022F104DC5F0>: Failed to establish a new connection: [WinError 10061] Подключение не установлено, т.к. конечный компьютер отверг запрос на подключение'))
2025-08-06 21:13:42,351 - config - ERROR - Ошибка парсинга LTV: HTTPSConnectionPool(host='ltvs.ru', port=443): Max retries exceeded with url: /search/?q=102 (Caused by NewConnectionError('<urllib3.connection.HTTPSConnection object at 0x0000022F104DCE30>: Failed to establish a new connection: [WinError 10061] Подключение не установлено, т.к. конечный компьютер отверг запрос на подключение'))
2025-08-06 21:13:42,352 - config - WARNING - Ошибка при запросе к LTV (попытка 2): HTTPSConnectionPool(host='ltvs.ru', port=443): Max retries exceeded with url: /search/?q=102 (Caused by NewConnectionError('<urllib3.connection.HTTPSConnection object at 0x0000022F104DCE30>: Failed to establish a new connection: [WinError 10061] Подключение не установлено, т.к. конечный компьютер отверг запрос на подключение'))
2025-08-06 21:13:45,447 - httpx - INFO - HTTP Request: POST https://api.telegram.org/bot8246578993:AAGaUxNEW2LCIdh6qLp3Ee9fyTY0z8muMc4/getUpdates "HTTP/1.1 200 OK"
2025-08-06 21:13:47,745 - config - ERROR - Ошибка парсинга LTV: HTTPSConnectionPool(host='ltvs.ru', port=443): Max retries exceeded with url: /search/?q=102 (Caused by NewConnectionError('<urllib3.connection.HTTPSConnection object at 0x0000022F104DD640>: Failed to establish a new connection: [WinError 10061] Подключение не установлено, т.к. конечный компьютер отверг запрос на подключение'))
2025-08-06 21:13:47,745 - config - WARNING - Ошибка при запросе к LTV (попытка 3): HTTPSConnectionPool(host='ltvs.ru', port=443): Max retries exceeded with url: /search/?q=102 (Caused by NewConnectionError('<urllib3.connection.HTTPSConnection object at 0x0000022F104DD640>: Failed to establish a new connection: [WinError 10061] Подключение не установлено, т.к. конечный компьютер отверг запрос на подключение'))
2025-08-06 21:13:52,925 - config - ERROR - Ошибка парсинга ETM: 404 Client Error: Not Found for url: https://www.etm.ru/search?q=102
2025-08-06 21:13:52,926 - config - WARNING - Ошибка при запросе к ETM (попытка 1): 404 Client Error: Not Found for url: https://www.etm.ru/search?q=102
2025-08-06 21:13:54,930 - config - ERROR - Ошибка парсинга ETM: 404 Client Error: Not Found for url: https://www.etm.ru/search?q=102
2025-08-06 21:13:54,930 - config - WARNING - Ошибка при запросе к ETM (попытка 2): 404 Client Error: Not Found for url: https://www.etm.ru/search?q=102
2025-08-06 21:13:55,536 - httpx - INFO - HTTP Request: POST https://api.telegram.org/bot8246578993:AAGaUxNEW2LCIdh6qLp3Ee9fyTY0z8muMc4/getUpdates "HTTP/1.1 200 OK"
2025-08-06 21:13:58,620 - config - ERROR - Ошибка парсинга ETM: 404 Client Error: Not Found for url: https://www.etm.ru/search?q=102
2025-08-06 21:13:58,620 - config - WARNING - Ошибка при запросе к ETM (попытка 3): 404 Client Error: Not Found for url: https://www.etm.ru/search?q=102
2025-08-06 21:14:03,528 - config - ERROR - Ошибка парсинга Eltex: 404 Client Error: Not Found for url: https://eltexcom.ru/search/?q=102
2025-08-06 21:14:03,528 - config - WARNING - Ошибка при запросе к Eltex (попытка 1): 404 Client Error: Not Found for url: https://eltexcom.ru/search/?q=102
2025-08-06 21:14:05,448 - config - ERROR - Ошибка парсинга Eltex: 404 Client Error: Not Found for url: https://eltexcom.ru/search/?q=102
2025-08-06 21:14:05,449 - config - WARNING - Ошибка при запросе к Eltex (попытка 2): 404 Client Error: Not Found for url: https://eltexcom.ru/search/?q=102
2025-08-06 21:14:05,611 - httpx - INFO - HTTP Request: POST https://api.telegram.org/bot8246578993:AAGaUxNEW2LCIdh6qLp3Ee9fyTY0z8muMc4/getUpdates "HTTP/1.1 200 OK"
2025-08-06 21:14:08,886 - config - ERROR - Ошибка парсинга Eltex: 404 Client Error: Not Found for url: https://eltexcom.ru/search/?q=102
2025-08-06 21:14:08,887 - config - WARNING - Ошибка при запросе к Eltex (попытка 3): 404 Client Error: Not Found for url: https://eltexcom.ru/search/?q=102
2025-08-06 21:14:15,686 - httpx - INFO - HTTP Request: POST https://api.telegram.org/bot8246578993:AAGaUxNEW2LCIdh6qLp3Ee9fyTY0z8muMc4/getUpdates "HTTP/1.1 200 OK"
2025-08-06 21:14:25,759 - httpx - INFO - HTTP Request: POST https://api.telegram.org/bot8246578993:AAGaUxNEW2LCIdh6qLp3Ee9fyTY0z8muMc4/getUpdates "HTTP/1.1 200 OK"
2025-08-06 21:14:35,844 - httpx - INFO - HTTP Request: POST https://api.telegram.org/bot8246578993:AAGaUxNEW2LCIdh6qLp3Ee9fyTY0z8muMc4/getUpdates "HTTP/1.1 200 OK"
2025-08-06 21:14:45,477 - config - ERROR - Ошибка парсинга Eltex: 404 Client Error: Not Found for url: https://eltexcom.ru/search/?q=103
2025-08-06 21:14:45,477 - config - WARNING - Ошибка при запросе к Eltex (попытка 1): 404 Client Error: Not Found for url: https://eltexcom.ru/search/?q=103
2025-08-06 21:14:45,917 - httpx - INFO - HTTP Request: POST https://api.telegram.org/bot8246578993:AAGaUxNEW2LCIdh6qLp3Ee9fyTY0z8muMc4/getUpdates "HTTP/1.1 200 OK"
2025-08-06 21:14:47,402 - config - ERROR - Ошибка парсинга Eltex: 404 Client Error: Not Found for url: https://eltexcom.ru/search/?q=103
2025-08-06 21:14:47,403 - config - WARNING - Ошибка при запросе к Eltex (попытка 2): 404 Client Error: Not Found for url: https://eltexcom.ru/search/?q=103
2025-08-06 21:14:50,831 - config - ERROR - Ошибка парсинга Eltex: 404 Client Error: Not Found for url: https://eltexcom.ru/search/?q=103
2025-08-06 21:14:50,831 - config - WARNING - Ошибка при запросе к Eltex (попытка 3): 404 Client Error: Not Found for url: https://eltexcom.ru/search/?q=103
2025-08-06 21:14:55,990 - httpx - INFO - HTTP Request: POST https://api.telegram.org/bot8246578993:AAGaUxNEW2LCIdh6qLp3Ee9fyTY0z8muMc4/getUpdates "HTTP/1.1 200 OK"
2025-08-06 21:15:06,065 - httpx - INFO - HTTP Request: POST https://api.telegram.org/bot8246578993:AAGaUxNEW2LCIdh6qLp3Ee9fyTY0z8muMc4/getUpdates "HTTP/1.1 200 OK"
2025-08-06 21:15:06,266 - config - ERROR - Ошибка парсинга ETM: 404 Client Error: Not Found for url: https://www.etm.ru/search?q=103
2025-08-06 21:15:06,267 - config - WARNING - Ошибка при запросе к ETM (попытка 1): 404 Client Error: Not Found for url: https://www.etm.ru/search?q=103
2025-08-06 21:15:08,260 - config - ERROR - Ошибка парсинга ETM: 404 Client Error: Not Found for url: https://www.etm.ru/search?q=103
2025-08-06 21:15:08,261 - config - WARNING - Ошибка при запросе к ETM (попытка 2): 404 Client Error: Not Found for url: https://www.etm.ru/search?q=103
2025-08-06 21:15:11,781 - config - ERROR - Ошибка парсинга ETM: 404 Client Error: Not Found for url: https://www.etm.ru/search?q=103
2025-08-06 21:15:11,782 - config - WARNING - Ошибка при запросе к ETM (попытка 3): 404 Client Error: Not Found for url: https://www.etm.ru/search?q=103
2025-08-06 21:15:16,143 - httpx - INFO - HTTP Request: POST https://api.telegram.org/bot8246578993:AAGaUxNEW2LCIdh6qLp3Ee9fyTY0z8muMc4/getUpdates "HTTP/1.1 200 OK"
2025-08-06 21:15:18,693 - config - ERROR - Ошибка парсинга LTV: HTTPSConnectionPool(host='ltvs.ru', port=443): Max retries exceeded with url: /search/?q=103 (Caused by NewConnectionError('<urllib3.connection.HTTPSConnection object at 0x0000022F103FE4B0>: Failed to establish a new connection: [WinError 10061] Подключение не установлено, т.к. конечный компьютер отверг запрос на подключение'))
2025-08-06 21:15:18,694 - config - WARNING - Ошибка при запросе к LTV (попытка 1): HTTPSConnectionPool(host='ltvs.ru', port=443): Max retries exceeded with url: /search/?q=103 (Caused by NewConnectionError('<urllib3.connection.HTTPSConnection object at 0x0000022F103FE4B0>: Failed to establish a new connection: [WinError 10061] Подключение не установлено, т.к. конечный компьютер отверг запрос на подключение'))
2025-08-06 21:15:22,616 - config - ERROR - Ошибка парсинга LTV: HTTPSConnectionPool(host='ltvs.ru', port=443): Max retries exceeded with url: /search/?q=103 (Caused by NewConnectionError('<urllib3.connection.HTTPSConnection object at 0x0000022F103FEA20>: Failed to establish a new connection: [WinError 10061] Подключение не установлено, т.к. конечный компьютер отверг запрос на подключение'))
2025-08-06 21:15:22,617 - config - WARNING - Ошибка при запросе к LTV (попытка 2): HTTPSConnectionPool(host='ltvs.ru', port=443): Max retries exceeded with url: /search/?q=103 (Caused by NewConnectionError('<urllib3.connection.HTTPSConnection object at 0x0000022F103FEA20>: Failed to establish a new connection: [WinError 10061] Подключение не установлено, т.к. конечный компьютер отверг запрос на подключение'))
2025-08-06 21:15:26,214 - httpx - INFO - HTTP Request: POST https://api.telegram.org/bot8246578993:AAGaUxNEW2LCIdh6qLp3Ee9fyTY0z8muMc4/getUpdates "HTTP/1.1 200 OK"
2025-08-06 21:15:28,027 - config - ERROR - Ошибка парсинга LTV: HTTPSConnectionPool(host='ltvs.ru', port=443): Max retries exceeded with url: /search/?q=103 (Caused by NewConnectionError('<urllib3.connection.HTTPSConnection object at 0x0000022F103FF2F0>: Failed to establish a new connection: [WinError 10061] Подключение не установлено, т.к. конечный компьютер отверг запрос на подключение'))
2025-08-06 21:15:28,027 - config - WARNING - Ошибка при запросе к LTV (попытка 3): HTTPSConnectionPool(host='ltvs.ru', port=443): Max retries exceeded with url: /search/?q=103 (Caused by NewConnectionError('<urllib3.connection.HTTPSConnection object at 0x0000022F103FF2F0>: Failed to establish a new connection: [WinError 10061] Подключение не установлено, т.к. конечный компьютер отверг запрос на подключение'))
2025-08-06 21:15:32,994 - config - ERROR - Ошибка парсинга Layta: 404 Client Error: Not Found for url: https://www.lait.ru/search/?q=103
2025-08-06 21:15:32,995 - config - WARNING - Ошибка при запросе к Layta (попытка 1): 404 Client Error: Not Found for url: https://www.lait.ru/search/?q=103
2025-08-06 21:15:34,966 - config - ERROR - Ошибка парсинга Layta: 404 Client Error: Not Found for url: https://www.lait.ru/search/?q=103
2025-08-06 21:15:34,966 - config - WARNING - Ошибка при запросе к Layta (попытка 2): 404 Client Error: Not Found for url: https://www.lait.ru/search/?q=103
2025-08-06 21:15:36,290 - httpx - INFO - HTTP Request: POST https://api.telegram.org/bot8246578993:AAGaUxNEW2LCIdh6qLp3Ee9fyTY0z8muMc4/getUpdates "HTTP/1.1 200 OK"
2025-08-06 21:15:38,442 - config - ERROR - Ошибка парсинга Layta: 404 Client Error: Not Found for url: https://www.lait.ru/search/?q=103
2025-08-06 21:15:38,442 - config - WARNING - Ошибка при запросе к Layta (попытка 3): 404 Client Error: Not Found for url: https://www.lait.ru/search/?q=103
2025-08-06 21:15:46,362 - httpx - INFO - HTTP Request: POST https://api.telegram.org/bot8246578993:AAGaUxNEW2LCIdh6qLp3Ee9fyTY0z8muMc4/getUpdates "HTTP/1.1 200 OK"
2025-08-06 21:15:56,433 - httpx - INFO - HTTP Request: POST https://api.telegram.org/bot8246578993:AAGaUxNEW2LCIdh6qLp3Ee9fyTY0z8muMc4/getUpdates "HTTP/1.1 200 OK"
2025-08-06 21:15:56,526 - config - ERROR - Ошибка парсинга LTV: HTTPSConnectionPool(host='ltvs.ru', port=443): Max retries exceeded with url: /search/?q=104 (Caused by NewConnectionError('<urllib3.connection.HTTPSConnection object at 0x0000022F103FF6E0>: Failed to establish a new connection: [WinError 10061] Подключение не установлено, т.к. конечный компьютер отверг запрос на подключение'))
2025-08-06 21:15:56,527 - config - WARNING - Ошибка при запросе к LTV (попытка 1): HTTPSConnectionPool(host='ltvs.ru', port=443): Max retries exceeded with url: /search/?q=104 (Caused by NewConnectionError('<urllib3.connection.HTTPSConnection object at 0x0000022F103FF6E0>: Failed to establish a new connection: [WinError 10061] Подключение не установлено, т.к. конечный компьютер отверг запрос на подключение'))
2025-08-06 21:16:00,420 - config - ERROR - Ошибка парсинга LTV: HTTPSConnectionPool(host='ltvs.ru', port=443): Max retries exceeded with url: /search/?q=104 (Caused by NewConnectionError('<urllib3.connection.HTTPSConnection object at 0x0000022F103FE4B0>: Failed to establish a new connection: [WinError 10061] Подключение не установлено, т.к. конечный компьютер отверг запрос на подключение'))
2025-08-06 21:16:00,421 - config - WARNING - Ошибка при запросе к LTV (попытка 2): HTTPSConnectionPool(host='ltvs.ru', port=443): Max retries exceeded with url: /search/?q=104 (Caused by NewConnectionError('<urllib3.connection.HTTPSConnection object at 0x0000022F103FE4B0>: Failed to establish a new connection: [WinError 10061] Подключение не установлено, т.к. конечный компьютер отверг запрос на подключение'))
2025-08-06 21:16:05,818 - config - ERROR - Ошибка парсинга LTV: HTTPSConnectionPool(host='ltvs.ru', port=443): Max retries exceeded with url: /search/?q=104 (Caused by NewConnectionError('<urllib3.connection.HTTPSConnection object at 0x0000022F103FD820>: Failed to establish a new connection: [WinError 10061] Подключение не установлено, т.к. конечный компьютер отверг запрос на подключение'))
2025-08-06 21:16:05,819 - config - WARNING - Ошибка при запросе к LTV (попытка 3): HTTPSConnectionPool(host='ltvs.ru', port=443): Max retries exceeded with url: /search/?q=104 (Caused by NewConnectionError('<urllib3.connection.HTTPSConnection object at 0x0000022F103FD820>: Failed to establish a new connection: [WinError 10061] Подключение не установлено, т.к. конечный компьютер отверг запрос на подключение'))
2025-08-06 21:16:06,508 - httpx - INFO - HTTP Request: POST https://api.telegram.org/bot8246578993:AAGaUxNEW2LCIdh6qLp3Ee9fyTY0z8muMc4/getUpdates "HTTP/1.1 200 OK"
2025-08-06 21:16:10,734 - config - ERROR - Ошибка парсинга Eltex: 404 Client Error: Not Found for url: https://eltexcom.ru/search/?q=104
2025-08-06 21:16:10,734 - config - WARNING - Ошибка при запросе к Eltex (попытка 1): 404 Client Error: Not Found for url: https://eltexcom.ru/search/?q=104
2025-08-06 21:16:12,651 - config - ERROR - Ошибка парсинга Eltex: 404 Client Error: Not Found for url: https://eltexcom.ru/search/?q=104
2025-08-06 21:16:12,651 - config - WARNING - Ошибка при запросе к Eltex (попытка 2): 404 Client Error: Not Found for url: https://eltexcom.ru/search/?q=104
2025-08-06 21:16:16,058 - config - ERROR - Ошибка парсинга Eltex: 404 Client Error: Not Found for url: https://eltexcom.ru/search/?q=104
2025-08-06 21:16:16,059 - config - WARNING - Ошибка при запросе к Eltex (попытка 3): 404 Client Error: Not Found for url: https://eltexcom.ru/search/?q=104
2025-08-06 21:16:16,585 - httpx - INFO - HTTP Request: POST https://api.telegram.org/bot8246578993:AAGaUxNEW2LCIdh6qLp3Ee9fyTY0z8muMc4/getUpdates "HTTP/1.1 200 OK"
2025-08-06 21:16:26,662 - httpx - INFO - HTTP Request: POST https://api.telegram.org/bot8246578993:AAGaUxNEW2LCIdh6qLp3Ee9fyTY0z8muMc4/getUpdates "HTTP/1.1 200 OK"
2025-08-06 21:16:31,294 - config - ERROR - Ошибка парсинга Layta: 404 Client Error: Not Found for url: https://www.lait.ru/search/?q=104
2025-08-06 21:16:31,294 - config - WARNING - Ошибка при запросе к Layta (попытка 1): 404 Client Error: Not Found for url: https://www.lait.ru/search/?q=104
2025-08-06 21:16:33,289 - config - ERROR - Ошибка парсинга Layta: 404 Client Error: Not Found for url: https://www.lait.ru/search/?q=104
2025-08-06 21:16:33,289 - config - WARNING - Ошибка при запросе к Layta (попытка 2): 404 Client Error: Not Found for url: https://www.lait.ru/search/?q=104
2025-08-06 21:16:36,737 - httpx - INFO - HTTP Request: POST https://api.telegram.org/bot8246578993:AAGaUxNEW2LCIdh6qLp3Ee9fyTY0z8muMc4/getUpdates "HTTP/1.1 200 OK"
2025-08-06 21:16:36,856 - config - ERROR - Ошибка парсинга Layta: 404 Client Error: Not Found for url: https://www.lait.ru/search/?q=104
2025-08-06 21:16:36,857 - config - WARNING - Ошибка при запросе к Layta (попытка 3): 404 Client Error: Not Found for url: https://www.lait.ru/search/?q=104
2025-08-06 21:16:41,857 - config - ERROR - Ошибка парсинга ETM: 404 Client Error: Not Found for url: https://www.etm.ru/search?q=104
2025-08-06 21:16:41,857 - config - WARNING - Ошибка при запросе к ETM (попытка 1): 404 Client Error: Not Found for url: https://www.etm.ru/search?q=104
2025-08-06 21:16:43,876 - config - ERROR - Ошибка парсинга ETM: 404 Client Error: Not Found for url: https://www.etm.ru/search?q=104
2025-08-06 21:16:43,876 - config - WARNING - Ошибка при запросе к ETM (попытка 2): 404 Client Error: Not Found for url: https://www.etm.ru/search?q=104
2025-08-06 21:16:46,811 - httpx - INFO - HTTP Request: POST https://api.telegram.org/bot8246578993:AAGaUxNEW2LCIdh6qLp3Ee9fyTY0z8muMc4/getUpdates "HTTP/1.1 200 OK"
2025-08-06 21:16:47,377 - config - ERROR - Ошибка парсинга ETM: 404 Client Error: Not Found for url: https://www.etm.ru/search?q=104
2025-08-06 21:16:47,378 - config - WARNING - Ошибка при запросе к ETM (попытка 3): 404 Client Error: Not Found for url: https://www.etm.ru/search?q=104
2025-08-06 21:16:56,883 - httpx - INFO - HTTP Request: POST https://api.telegram.org/bot8246578993:AAGaUxNEW2LCIdh6qLp3Ee9fyTY0z8muMc4/getUpdates "HTTP/1.1 200 OK"
2025-08-06 21:17:06,955 - httpx - INFO - HTTP Request: POST https://api.telegram.org/bot8246578993:AAGaUxNEW2LCIdh6qLp3Ee9fyTY0z8muMc4/getUpdates "HTTP/1.1 200 OK"
2025-08-06 21:17:17,035 - httpx - INFO - HTTP Request: POST https://api.telegram.org/bot8246578993:AAGaUxNEW2LCIdh6qLp3Ee9fyTY0z8muMc4/getUpdates "HTTP/1.1 200 OK"
2025-08-06 21:17:25,454 - config - ERROR - Ошибка парсинга Eltex: 404 Client Error: Not Found for url: https://eltexcom.ru/search/?q=105
2025-08-06 21:17:25,454 - config - WARNING - Ошибка при запросе к Eltex (попытка 1): 404 Client Error: Not Found for url: https://eltexcom.ru/search/?q=105
2025-08-06 21:17:27,108 - httpx - INFO - HTTP Request: POST https://api.telegram.org/bot8246578993:AAGaUxNEW2LCIdh6qLp3Ee9fyTY0z8muMc4/getUpdates "HTTP/1.1 200 OK"
2025-08-06 21:17:27,364 - config - ERROR - Ошибка парсинга Eltex: 404 Client Error: Not Found for url: https://eltexcom.ru/search/?q=105
2025-08-06 21:17:27,364 - config - WARNING - Ошибка при запросе к Eltex (попытка 2): 404 Client Error: Not Found for url: https://eltexcom.ru/search/?q=105
2025-08-06 21:17:30,782 - config - ERROR - Ошибка парсинга Eltex: 404 Client Error: Not Found for url: https://eltexcom.ru/search/?q=105
2025-08-06 21:17:30,782 - config - WARNING - Ошибка при запросе к Eltex (попытка 3): 404 Client Error: Not Found for url: https://eltexcom.ru/search/?q=105
2025-08-06 21:17:35,750 - config - ERROR - Ошибка парсинга Layta: 404 Client Error: Not Found for url: https://www.lait.ru/search/?q=105
2025-08-06 21:17:35,751 - config - WARNING - Ошибка при запросе к Layta (попытка 1): 404 Client Error: Not Found for url: https://www.lait.ru/search/?q=105
2025-08-06 21:17:37,182 - httpx - INFO - HTTP Request: POST https://api.telegram.org/bot8246578993:AAGaUxNEW2LCIdh6qLp3Ee9fyTY0z8muMc4/getUpdates "HTTP/1.1 200 OK"
2025-08-06 21:17:37,852 - config - ERROR - Ошибка парсинга Layta: 404 Client Error: Not Found for url: https://www.lait.ru/search/?q=105
2025-08-06 21:17:37,853 - config - WARNING - Ошибка при запросе к Layta (попытка 2): 404 Client Error: Not Found for url: https://www.lait.ru/search/?q=105
2025-08-06 21:17:41,317 - config - ERROR - Ошибка парсинга Layta: 404 Client Error: Not Found for url: https://www.lait.ru/search/?q=105
2025-08-06 21:17:41,318 - config - WARNING - Ошибка при запросе к Layta (попытка 3): 404 Client Error: Not Found for url: https://www.lait.ru/search/?q=105
2025-08-06 21:17:46,335 - config - ERROR - Ошибка парсинга ETM: 404 Client Error: Not Found for url: https://www.etm.ru/search?q=105
2025-08-06 21:17:46,335 - config - WARNING - Ошибка при запросе к ETM (попытка 1): 404 Client Error: Not Found for url: https://www.etm.ru/search?q=105
2025-08-06 21:17:47,269 - httpx - INFO - HTTP Request: POST https://api.telegram.org/bot8246578993:AAGaUxNEW2LCIdh6qLp3Ee9fyTY0z8muMc4/getUpdates "HTTP/1.1 200 OK"
2025-08-06 21:17:48,473 - config - ERROR - Ошибка парсинга ETM: 404 Client Error: Not Found for url: https://www.etm.ru/search?q=105
2025-08-06 21:17:48,473 - config - WARNING - Ошибка при запросе к ETM (попытка 2): 404 Client Error: Not Found for url: https://www.etm.ru/search?q=105
2025-08-06 21:17:52,096 - config - ERROR - Ошибка парсинга ETM: 404 Client Error: Not Found for url: https://www.etm.ru/search?q=105
2025-08-06 21:17:52,096 - config - WARNING - Ошибка при запросе к ETM (попытка 3): 404 Client Error: Not Found for url: https://www.etm.ru/search?q=105
2025-08-06 21:17:57,340 - httpx - INFO - HTTP Request: POST https://api.telegram.org/bot8246578993:AAGaUxNEW2LCIdh6qLp3Ee9fyTY0z8muMc4/getUpdates "HTTP/1.1 200 OK"
2025-08-06 21:17:58,971 - config - ERROR - Ошибка парсинга LTV: HTTPSConnectionPool(host='ltvs.ru', port=443): Max retries exceeded with url: /search/?q=105 (Caused by NewConnectionError('<urllib3.connection.HTTPSConnection object at 0x0000022F10620230>: Failed to establish a new connection: [WinError 10061] Подключение не установлено, т.к. конечный компьютер отверг запрос на подключение'))
2025-08-06 21:17:58,972 - config - WARNING - Ошибка при запросе к LTV (попытка 1): HTTPSConnectionPool(host='ltvs.ru', port=443): Max retries exceeded with url: /search/?q=105 (Caused by NewConnectionError('<urllib3.connection.HTTPSConnection object at 0x0000022F10620230>: Failed to establish a new connection: [WinError 10061] Подключение не установлено, т.к. конечный компьютер отверг запрос на подключение'))
2025-08-06 21:18:02,851 - config - ERROR - Ошибка парсинга LTV: HTTPSConnectionPool(host='ltvs.ru', port=443): Max retries exceeded with url: /search/?q=105 (Caused by NewConnectionError('<urllib3.connection.HTTPSConnection object at 0x0000022F106220F0>: Failed to establish a new connection: [WinError 10061] Подключение не установлено, т.к. конечный компьютер отверг запрос на подключение'))
2025-08-06 21:18:02,851 - config - WARNING - Ошибка при запросе к LTV (попытка 2): HTTPSConnectionPool(host='ltvs.ru', port=443): Max retries exceeded with url: /search/?q=105 (Caused by NewConnectionError('<urllib3.connection.HTTPSConnection object at 0x0000022F106220F0>: Failed to establish a new connection: [WinError 10061] Подключение не установлено, т.к. конечный компьютер отверг запрос на подключение'))
2025-08-06 21:18:07,414 - httpx - INFO - HTTP Request: POST https://api.telegram.org/bot8246578993:AAGaUxNEW2LCIdh6qLp3Ee9fyTY0z8muMc4/getUpdates "HTTP/1.1 200 OK"
2025-08-06 21:18:08,243 - config - ERROR - Ошибка парсинга LTV: HTTPSConnectionPool(host='ltvs.ru', port=443): Max retries exceeded with url: /search/?q=105 (Caused by NewConnectionError('<urllib3.connection.HTTPSConnection object at 0x0000022F10622930>: Failed to establish a new connection: [WinError 10061] Подключение не установлено, т.к. конечный компьютер отверг запрос на подключение'))
2025-08-06 21:18:08,243 - config - WARNING - Ошибка при запросе к LTV (попытка 3): HTTPSConnectionPool(host='ltvs.ru', port=443): Max retries exceeded with url: /search/?q=105 (Caused by NewConnectionError('<urllib3.connection.HTTPSConnection object at 0x0000022F10622930>: Failed to establish a new connection: [WinError 10061] Подключение не установлено, т.к. конечный компьютер отверг запрос на подключение'))
2025-08-06 21:18:17,485 - httpx - INFO - HTTP Request: POST https://api.telegram.org/bot8246578993:AAGaUxNEW2LCIdh6qLp3Ee9fyTY0z8muMc4/getUpdates "HTTP/1.1 200 OK"
2025-08-06 21:18:22,969 - config - INFO - Проанализировано 100/386 позиций
2025-08-06 21:18:23,435 - config - ERROR - Ошибка парсинга Layta: 404 Client Error: Not Found for url: https://www.lait.ru/search/?q=106
2025-08-06 21:18:23,436 - config - WARNING - Ошибка при запросе к Layta (попытка 1): 404 Client Error: Not Found for url: https://www.lait.ru/search/?q=106
2025-08-06 21:18:25,412 - config - ERROR - Ошибка парсинга Layta: 404 Client Error: Not Found for url: https://www.lait.ru/search/?q=106
2025-08-06 21:18:25,413 - config - WARNING - Ошибка при запросе к Layta (попытка 2): 404 Client Error: Not Found for url: https://www.lait.ru/search/?q=106
2025-08-06 21:18:27,560 - httpx - INFO - HTTP Request: POST https://api.telegram.org/bot8246578993:AAGaUxNEW2LCIdh6qLp3Ee9fyTY0z8muMc4/getUpdates "HTTP/1.1 200 OK"
2025-08-06 21:18:28,891 - config - ERROR - Ошибка парсинга Layta: 404 Client Error: Not Found for url: https://www.lait.ru/search/?q=106
2025-08-06 21:18:28,891 - config - WARNING - Ошибка при запросе к Layta (попытка 3): 404 Client Error: Not Found for url: https://www.lait.ru/search/?q=106
2025-08-06 21:18:37,671 - httpx - INFO - HTTP Request: POST https://api.telegram.org/bot8246578993:AAGaUxNEW2LCIdh6qLp3Ee9fyTY0z8muMc4/getUpdates "HTTP/1.1 200 OK"
2025-08-06 21:18:44,110 - config - ERROR - Ошибка парсинга ETM: 404 Client Error: Not Found for url: https://www.etm.ru/search?q=106
2025-08-06 21:18:44,111 - config - WARNING - Ошибка при запросе к ETM (попытка 1): 404 Client Error: Not Found for url: https://www.etm.ru/search?q=106
2025-08-06 21:18:46,111 - config - ERROR - Ошибка парсинга ETM: 404 Client Error: Not Found for url: https://www.etm.ru/search?q=106
2025-08-06 21:18:46,111 - config - WARNING - Ошибка при запросе к ETM (попытка 2): 404 Client Error: Not Found for url: https://www.etm.ru/search?q=106
2025-08-06 21:18:47,744 - httpx - INFO - HTTP Request: POST https://api.telegram.org/bot8246578993:AAGaUxNEW2LCIdh6qLp3Ee9fyTY0z8muMc4/getUpdates "HTTP/1.1 200 OK"
2025-08-06 21:18:49,601 - config - ERROR - Ошибка парсинга ETM: 404 Client Error: Not Found for url: https://www.etm.ru/search?q=106
2025-08-06 21:18:49,602 - config - WARNING - Ошибка при запросе к ETM (попытка 3): 404 Client Error: Not Found for url: https://www.etm.ru/search?q=106
2025-08-06 21:18:56,501 - config - ERROR - Ошибка парсинга LTV: HTTPSConnectionPool(host='ltvs.ru', port=443): Max retries exceeded with url: /search/?q=106 (Caused by NewConnectionError('<urllib3.connection.HTTPSConnection object at 0x0000022F102D80E0>: Failed to establish a new connection: [WinError 10061] Подключение не установлено, т.к. конечный компьютер отверг запрос на подключение'))
2025-08-06 21:18:56,502 - config - WARNING - Ошибка при запросе к LTV (попытка 1): HTTPSConnectionPool(host='ltvs.ru', port=443): Max retries exceeded with url: /search/?q=106 (Caused by NewConnectionError('<urllib3.connection.HTTPSConnection object at 0x0000022F102D80E0>: Failed to establish a new connection: [WinError 10061] Подключение не установлено, т.к. конечный компьютер отверг запрос на подключение'))
2025-08-06 21:18:57,820 - httpx - INFO - HTTP Request: POST https://api.telegram.org/bot8246578993:AAGaUxNEW2LCIdh6qLp3Ee9fyTY0z8muMc4/getUpdates "HTTP/1.1 200 OK"
2025-08-06 21:19:00,388 - config - ERROR - Ошибка парсинга LTV: HTTPSConnectionPool(host='ltvs.ru', port=443): Max retries exceeded with url: /search/?q=106 (Caused by NewConnectionError('<urllib3.connection.HTTPSConnection object at 0x0000022F102DB140>: Failed to establish a new connection: [WinError 10061] Подключение не установлено, т.к. конечный компьютер отверг запрос на подключение'))
2025-08-06 21:19:00,389 - config - WARNING - Ошибка при запросе к LTV (попытка 2): HTTPSConnectionPool(host='ltvs.ru', port=443): Max retries exceeded with url: /search/?q=106 (Caused by NewConnectionError('<urllib3.connection.HTTPSConnection object at 0x0000022F102DB140>: Failed to establish a new connection: [WinError 10061] Подключение не установлено, т.к. конечный компьютер отверг запрос на подключение'))
2025-08-06 21:19:05,786 - config - ERROR - Ошибка парсинга LTV: HTTPSConnectionPool(host='ltvs.ru', port=443): Max retries exceeded with url: /search/?q=106 (Caused by NewConnectionError('<urllib3.connection.HTTPSConnection object at 0x0000022F102DA0C0>: Failed to establish a new connection: [WinError 10061] Подключение не установлено, т.к. конечный компьютер отверг запрос на подключение'))
2025-08-06 21:19:05,787 - config - WARNING - Ошибка при запросе к LTV (попытка 3): HTTPSConnectionPool(host='ltvs.ru', port=443): Max retries exceeded with url: /search/?q=106 (Caused by NewConnectionError('<urllib3.connection.HTTPSConnection object at 0x0000022F102DA0C0>: Failed to establish a new connection: [WinError 10061] Подключение не установлено, т.к. конечный компьютер отверг запрос на подключение'))
2025-08-06 21:19:07,892 - httpx - INFO - HTTP Request: POST https://api.telegram.org/bot8246578993:AAGaUxNEW2LCIdh6qLp3Ee9fyTY0z8muMc4/getUpdates "HTTP/1.1 200 OK"
2025-08-06 21:19:17,966 - httpx - INFO - HTTP Request: POST https://api.telegram.org/bot8246578993:AAGaUxNEW2LCIdh6qLp3Ee9fyTY0z8muMc4/getUpdates "HTTP/1.1 200 OK"
2025-08-06 21:19:28,039 - httpx - INFO - HTTP Request: POST https://api.telegram.org/bot8246578993:AAGaUxNEW2LCIdh6qLp3Ee9fyTY0z8muMc4/getUpdates "HTTP/1.1 200 OK"
2025-08-06 21:19:32,583 - config - ERROR - Ошибка парсинга Eltex: 404 Client Error: Not Found for url: https://eltexcom.ru/search/?q=106
2025-08-06 21:19:32,583 - config - WARNING - Ошибка при запросе к Eltex (попытка 1): 404 Client Error: Not Found for url: https://eltexcom.ru/search/?q=106
2025-08-06 21:19:34,497 - config - ERROR - Ошибка парсинга Eltex: 404 Client Error: Not Found for url: https://eltexcom.ru/search/?q=106
2025-08-06 21:19:34,498 - config - WARNING - Ошибка при запросе к Eltex (попытка 2): 404 Client Error: Not Found for url: https://eltexcom.ru/search/?q=106
2025-08-06 21:19:37,905 - config - ERROR - Ошибка парсинга Eltex: 404 Client Error: Not Found for url: https://eltexcom.ru/search/?q=106
2025-08-06 21:19:37,905 - config - WARNING - Ошибка при запросе к Eltex (попытка 3): 404 Client Error: Not Found for url: https://eltexcom.ru/search/?q=106
2025-08-06 21:19:38,114 - httpx - INFO - HTTP Request: POST https://api.telegram.org/bot8246578993:AAGaUxNEW2LCIdh6qLp3Ee9fyTY0z8muMc4/getUpdates "HTTP/1.1 200 OK"
2025-08-06 21:19:42,938 - config - ERROR - Ошибка парсинга Layta: 404 Client Error: Not Found for url: https://www.lait.ru/search/?q=107
2025-08-06 21:19:42,938 - config - WARNING - Ошибка при запросе к Layta (попытка 1): 404 Client Error: Not Found for url: https://www.lait.ru/search/?q=107
2025-08-06 21:19:44,901 - config - ERROR - Ошибка парсинга Layta: 404 Client Error: Not Found for url: https://www.lait.ru/search/?q=107
2025-08-06 21:19:44,901 - config - WARNING - Ошибка при запросе к Layta (попытка 2): 404 Client Error: Not Found for url: https://www.lait.ru/search/?q=107
2025-08-06 21:19:48,187 - httpx - INFO - HTTP Request: POST https://api.telegram.org/bot8246578993:AAGaUxNEW2LCIdh6qLp3Ee9fyTY0z8muMc4/getUpdates "HTTP/1.1 200 OK"
2025-08-06 21:19:48,395 - config - ERROR - Ошибка парсинга Layta: 404 Client Error: Not Found for url: https://www.lait.ru/search/?q=107
2025-08-06 21:19:48,396 - config - WARNING - Ошибка при запросе к Layta (попытка 3): 404 Client Error: Not Found for url: https://www.lait.ru/search/?q=107
2025-08-06 21:19:58,262 - httpx - INFO - HTTP Request: POST https://api.telegram.org/bot8246578993:AAGaUxNEW2LCIdh6qLp3Ee9fyTY0z8muMc4/getUpdates "HTTP/1.1 200 OK"
2025-08-06 21:20:08,339 - httpx - INFO - HTTP Request: POST https://api.telegram.org/bot8246578993:AAGaUxNEW2LCIdh6qLp3Ee9fyTY0z8muMc4/getUpdates "HTTP/1.1 200 OK"
2025-08-06 21:20:14,735 - config - ERROR - Ошибка парсинга Eltex: 404 Client Error: Not Found for url: https://eltexcom.ru/search/?q=107
2025-08-06 21:20:14,735 - config - WARNING - Ошибка при запросе к Eltex (попытка 1): 404 Client Error: Not Found for url: https://eltexcom.ru/search/?q=107
2025-08-06 21:20:16,818 - config - ERROR - Ошибка парсинга Eltex: 404 Client Error: Not Found for url: https://eltexcom.ru/search/?q=107
2025-08-06 21:20:16,818 - config - WARNING - Ошибка при запросе к Eltex (попытка 2): 404 Client Error: Not Found for url: https://eltexcom.ru/search/?q=107
2025-08-06 21:20:18,413 - httpx - INFO - HTTP Request: POST https://api.telegram.org/bot8246578993:AAGaUxNEW2LCIdh6qLp3Ee9fyTY0z8muMc4/getUpdates "HTTP/1.1 200 OK"
2025-08-06 21:20:20,219 - config - ERROR - Ошибка парсинга Eltex: 404 Client Error: Not Found for url: https://eltexcom.ru/search/?q=107
2025-08-06 21:20:20,219 - config - WARNING - Ошибка при запросе к Eltex (попытка 3): 404 Client Error: Not Found for url: https://eltexcom.ru/search/?q=107
2025-08-06 21:20:25,232 - config - ERROR - Ошибка парсинга ETM: 404 Client Error: Not Found for url: https://www.etm.ru/search?q=107
2025-08-06 21:20:25,232 - config - WARNING - Ошибка при запросе к ETM (попытка 1): 404 Client Error: Not Found for url: https://www.etm.ru/search?q=107
2025-08-06 21:20:27,245 - config - ERROR - Ошибка парсинга ETM: 404 Client Error: Not Found for url: https://www.etm.ru/search?q=107
2025-08-06 21:20:27,246 - config - WARNING - Ошибка при запросе к ETM (попытка 2): 404 Client Error: Not Found for url: https://www.etm.ru/search?q=107
2025-08-06 21:20:28,646 - httpx - INFO - HTTP Request: POST https://api.telegram.org/bot8246578993:AAGaUxNEW2LCIdh6qLp3Ee9fyTY0z8muMc4/getUpdates "HTTP/1.1 200 OK"
2025-08-06 21:20:30,882 - config - ERROR - Ошибка парсинга ETM: 404 Client Error: Not Found for url: https://www.etm.ru/search?q=107
2025-08-06 21:20:30,882 - config - WARNING - Ошибка при запросе к ETM (попытка 3): 404 Client Error: Not Found for url: https://www.etm.ru/search?q=107
2025-08-06 21:20:37,790 - config - ERROR - Ошибка парсинга LTV: HTTPSConnectionPool(host='ltvs.ru', port=443): Max retries exceeded with url: /search/?q=107 (Caused by NewConnectionError('<urllib3.connection.HTTPSConnection object at 0x0000022F1059A7E0>: Failed to establish a new connection: [WinError 10061] Подключение не установлено, т.к. конечный компьютер отверг запрос на подключение'))
2025-08-06 21:20:37,791 - config - WARNING - Ошибка при запросе к LTV (попытка 1): HTTPSConnectionPool(host='ltvs.ru', port=443): Max retries exceeded with url: /search/?q=107 (Caused by NewConnectionError('<urllib3.connection.HTTPSConnection object at 0x0000022F1059A7E0>: Failed to establish a new connection: [WinError 10061] Подключение не установлено, т.к. конечный компьютер отверг запрос на подключение'))
2025-08-06 21:20:38,721 - httpx - INFO - HTTP Request: POST https://api.telegram.org/bot8246578993:AAGaUxNEW2LCIdh6qLp3Ee9fyTY0z8muMc4/getUpdates "HTTP/1.1 200 OK"
2025-08-06 21:20:41,676 - config - ERROR - Ошибка парсинга LTV: HTTPSConnectionPool(host='ltvs.ru', port=443): Max retries exceeded with url: /search/?q=107 (Caused by NewConnectionError('<urllib3.connection.HTTPSConnection object at 0x0000022F104B6A20>: Failed to establish a new connection: [WinError 10061] Подключение не установлено, т.к. конечный компьютер отверг запрос на подключение'))
2025-08-06 21:20:41,677 - config - WARNING - Ошибка при запросе к LTV (попытка 2): HTTPSConnectionPool(host='ltvs.ru', port=443): Max retries exceeded with url: /search/?q=107 (Caused by NewConnectionError('<urllib3.connection.HTTPSConnection object at 0x0000022F104B6A20>: Failed to establish a new connection: [WinError 10061] Подключение не установлено, т.к. конечный компьютер отверг запрос на подключение'))
2025-08-06 21:20:47,084 - config - ERROR - Ошибка парсинга LTV: HTTPSConnectionPool(host='ltvs.ru', port=443): Max retries exceeded with url: /search/?q=107 (Caused by NewConnectionError('<urllib3.connection.HTTPSConnection object at 0x0000022F104B7740>: Failed to establish a new connection: [WinError 10061] Подключение не установлено, т.к. конечный компьютер отверг запрос на подключение'))
2025-08-06 21:20:47,085 - config - WARNING - Ошибка при запросе к LTV (попытка 3): HTTPSConnectionPool(host='ltvs.ru', port=443): Max retries exceeded with url: /search/?q=107 (Caused by NewConnectionError('<urllib3.connection.HTTPSConnection object at 0x0000022F104B7740>: Failed to establish a new connection: [WinError 10061] Подключение не установлено, т.к. конечный компьютер отверг запрос на подключение'))
2025-08-06 21:20:48,796 - httpx - INFO - HTTP Request: POST https://api.telegram.org/bot8246578993:AAGaUxNEW2LCIdh6qLp3Ee9fyTY0z8muMc4/getUpdates "HTTP/1.1 200 OK"
2025-08-06 21:20:58,868 - httpx - INFO - HTTP Request: POST https://api.telegram.org/bot8246578993:AAGaUxNEW2LCIdh6qLp3Ee9fyTY0z8muMc4/getUpdates "HTTP/1.1 200 OK"
2025-08-06 21:21:08,940 - httpx - INFO - HTTP Request: POST https://api.telegram.org/bot8246578993:AAGaUxNEW2LCIdh6qLp3Ee9fyTY0z8muMc4/getUpdates "HTTP/1.1 200 OK"
2025-08-06 21:21:12,667 - config - ERROR - Ошибка парсинга Layta: 404 Client Error: Not Found for url: https://www.lait.ru/search/?q=108
2025-08-06 21:21:12,667 - config - WARNING - Ошибка при запросе к Layta (попытка 1): 404 Client Error: Not Found for url: https://www.lait.ru/search/?q=108
2025-08-06 21:21:14,649 - config - ERROR - Ошибка парсинга Layta: 404 Client Error: Not Found for url: https://www.lait.ru/search/?q=108
2025-08-06 21:21:14,649 - config - WARNING - Ошибка при запросе к Layta (попытка 2): 404 Client Error: Not Found for url: https://www.lait.ru/search/?q=108
2025-08-06 21:21:18,203 - config - ERROR - Ошибка парсинга Layta: 404 Client Error: Not Found for url: https://www.lait.ru/search/?q=108
2025-08-06 21:21:18,203 - config - WARNING - Ошибка при запросе к Layta (попытка 3): 404 Client Error: Not Found for url: https://www.lait.ru/search/?q=108
2025-08-06 21:21:19,016 - httpx - INFO - HTTP Request: POST https://api.telegram.org/bot8246578993:AAGaUxNEW2LCIdh6qLp3Ee9fyTY0z8muMc4/getUpdates "HTTP/1.1 200 OK"
2025-08-06 21:21:29,088 - httpx - INFO - HTTP Request: POST https://api.telegram.org/bot8246578993:AAGaUxNEW2LCIdh6qLp3Ee9fyTY0z8muMc4/getUpdates "HTTP/1.1 200 OK"
2025-08-06 21:21:39,161 - httpx - INFO - HTTP Request: POST https://api.telegram.org/bot8246578993:AAGaUxNEW2LCIdh6qLp3Ee9fyTY0z8muMc4/getUpdates "HTTP/1.1 200 OK"
2025-08-06 21:21:44,752 - config - ERROR - Ошибка парсинга ETM: 404 Client Error: Not Found for url: https://www.etm.ru/search?q=108
2025-08-06 21:21:44,753 - config - WARNING - Ошибка при запросе к ETM (попытка 1): 404 Client Error: Not Found for url: https://www.etm.ru/search?q=108
2025-08-06 21:21:46,755 - config - ERROR - Ошибка парсинга ETM: 404 Client Error: Not Found for url: https://www.etm.ru/search?q=108
2025-08-06 21:21:46,756 - config - WARNING - Ошибка при запросе к ETM (попытка 2): 404 Client Error: Not Found for url: https://www.etm.ru/search?q=108
2025-08-06 21:21:49,234 - httpx - INFO - HTTP Request: POST https://api.telegram.org/bot8246578993:AAGaUxNEW2LCIdh6qLp3Ee9fyTY0z8muMc4/getUpdates "HTTP/1.1 200 OK"
2025-08-06 21:21:50,256 - config - ERROR - Ошибка парсинга ETM: 404 Client Error: Not Found for url: https://www.etm.ru/search?q=108
2025-08-06 21:21:50,257 - config - WARNING - Ошибка при запросе к ETM (попытка 3): 404 Client Error: Not Found for url: https://www.etm.ru/search?q=108
2025-08-06 21:21:55,174 - config - ERROR - Ошибка парсинга Eltex: 404 Client Error: Not Found for url: https://eltexcom.ru/search/?q=108
2025-08-06 21:21:55,174 - config - WARNING - Ошибка при запросе к Eltex (попытка 1): 404 Client Error: Not Found for url: https://eltexcom.ru/search/?q=108
2025-08-06 21:21:57,370 - config - ERROR - Ошибка парсинга Eltex: 404 Client Error: Not Found for url: https://eltexcom.ru/search/?q=108
2025-08-06 21:21:57,370 - config - WARNING - Ошибка при запросе к Eltex (попытка 2): 404 Client Error: Not Found for url: https://eltexcom.ru/search/?q=108
2025-08-06 21:21:59,307 - httpx - INFO - HTTP Request: POST https://api.telegram.org/bot8246578993:AAGaUxNEW2LCIdh6qLp3Ee9fyTY0z8muMc4/getUpdates "HTTP/1.1 200 OK"
2025-08-06 21:22:00,861 - config - ERROR - Ошибка парсинга Eltex: 404 Client Error: Not Found for url: https://eltexcom.ru/search/?q=108
2025-08-06 21:22:00,861 - config - WARNING - Ошибка при запросе к Eltex (попытка 3): 404 Client Error: Not Found for url: https://eltexcom.ru/search/?q=108
2025-08-06 21:22:07,761 - config - ERROR - Ошибка парсинга LTV: HTTPSConnectionPool(host='ltvs.ru', port=443): Max retries exceeded with url: /search/?q=108 (Caused by NewConnectionError('<urllib3.connection.HTTPSConnection object at 0x0000022F102B0290>: Failed to establish a new connection: [WinError 10061] Подключение не установлено, т.к. конечный компьютер отверг запрос на подключение'))
2025-08-06 21:22:07,762 - config - WARNING - Ошибка при запросе к LTV (попытка 1): HTTPSConnectionPool(host='ltvs.ru', port=443): Max retries exceeded with url: /search/?q=108 (Caused by NewConnectionError('<urllib3.connection.HTTPSConnection object at 0x0000022F102B0290>: Failed to establish a new connection: [WinError 10061] Подключение не установлено, т.к. конечный компьютер отверг запрос на подключение'))
2025-08-06 21:22:09,380 - httpx - INFO - HTTP Request: POST https://api.telegram.org/bot8246578993:AAGaUxNEW2LCIdh6qLp3Ee9fyTY0z8muMc4/getUpdates "HTTP/1.1 200 OK"
2025-08-06 21:22:11,634 - config - ERROR - Ошибка парсинга LTV: HTTPSConnectionPool(host='ltvs.ru', port=443): Max retries exceeded with url: /search/?q=108 (Caused by NewConnectionError('<urllib3.connection.HTTPSConnection object at 0x0000022F104B6180>: Failed to establish a new connection: [WinError 10061] Подключение не установлено, т.к. конечный компьютер отверг запрос на подключение'))
2025-08-06 21:22:11,635 - config - WARNING - Ошибка при запросе к LTV (попытка 2): HTTPSConnectionPool(host='ltvs.ru', port=443): Max retries exceeded with url: /search/?q=108 (Caused by NewConnectionError('<urllib3.connection.HTTPSConnection object at 0x0000022F104B6180>: Failed to establish a new connection: [WinError 10061] Подключение не установлено, т.к. конечный компьютер отверг запрос на подключение'))
2025-08-06 21:22:17,036 - config - ERROR - Ошибка парсинга LTV: HTTPSConnectionPool(host='ltvs.ru', port=443): Max retries exceeded with url: /search/?q=108 (Caused by NewConnectionError('<urllib3.connection.HTTPSConnection object at 0x0000022F1051D670>: Failed to establish a new connection: [WinError 10061] Подключение не установлено, т.к. конечный компьютер отверг запрос на подключение'))
2025-08-06 21:22:17,037 - config - WARNING - Ошибка при запросе к LTV (попытка 3): HTTPSConnectionPool(host='ltvs.ru', port=443): Max retries exceeded with url: /search/?q=108 (Caused by NewConnectionError('<urllib3.connection.HTTPSConnection object at 0x0000022F1051D670>: Failed to establish a new connection: [WinError 10061] Подключение не установлено, т.к. конечный компьютер отверг запрос на подключение'))
2025-08-06 21:22:19,452 - httpx - INFO - HTTP Request: POST https://api.telegram.org/bot8246578993:AAGaUxNEW2LCIdh6qLp3Ee9fyTY0z8muMc4/getUpdates "HTTP/1.1 200 OK"
2025-08-06 21:22:29,527 - httpx - INFO - HTTP Request: POST https://api.telegram.org/bot8246578993:AAGaUxNEW2LCIdh6qLp3Ee9fyTY0z8muMc4/getUpdates "HTTP/1.1 200 OK"
2025-08-06 21:22:32,829 - config - ERROR - Ошибка парсинга ETM: 404 Client Error: Not Found for url: https://www.etm.ru/search?q=109
2025-08-06 21:22:32,830 - config - WARNING - Ошибка при запросе к ETM (попытка 1): 404 Client Error: Not Found for url: https://www.etm.ru/search?q=109
2025-08-06 21:22:34,945 - config - ERROR - Ошибка парсинга ETM: 404 Client Error: Not Found for url: https://www.etm.ru/search?q=109
2025-08-06 21:22:34,946 - config - WARNING - Ошибка при запросе к ETM (попытка 2): 404 Client Error: Not Found for url: https://www.etm.ru/search?q=109
2025-08-06 21:22:38,508 - config - ERROR - Ошибка парсинга ETM: 404 Client Error: Not Found for url: https://www.etm.ru/search?q=109
2025-08-06 21:22:38,508 - config - WARNING - Ошибка при запросе к ETM (попытка 3): 404 Client Error: Not Found for url: https://www.etm.ru/search?q=109
2025-08-06 21:22:39,602 - httpx - INFO - HTTP Request: POST https://api.telegram.org/bot8246578993:AAGaUxNEW2LCIdh6qLp3Ee9fyTY0z8muMc4/getUpdates "HTTP/1.1 200 OK"
2025-08-06 21:22:43,552 - config - ERROR - Ошибка парсинга Layta: 404 Client Error: Not Found for url: https://www.lait.ru/search/?q=109
2025-08-06 21:22:43,552 - config - WARNING - Ошибка при запросе к Layta (попытка 1): 404 Client Error: Not Found for url: https://www.lait.ru/search/?q=109
2025-08-06 21:22:45,579 - config - ERROR - Ошибка парсинга Layta: 404 Client Error: Not Found for url: https://www.lait.ru/search/?q=109
2025-08-06 21:22:45,580 - config - WARNING - Ошибка при запросе к Layta (попытка 2): 404 Client Error: Not Found for url: https://www.lait.ru/search/?q=109
2025-08-06 21:22:49,113 - config - ERROR - Ошибка парсинга Layta: 404 Client Error: Not Found for url: https://www.lait.ru/search/?q=109
2025-08-06 21:22:49,114 - config - WARNING - Ошибка при запросе к Layta (попытка 3): 404 Client Error: Not Found for url: https://www.lait.ru/search/?q=109
2025-08-06 21:22:49,675 - httpx - INFO - HTTP Request: POST https://api.telegram.org/bot8246578993:AAGaUxNEW2LCIdh6qLp3Ee9fyTY0z8muMc4/getUpdates "HTTP/1.1 200 OK"
2025-08-06 21:22:59,748 - httpx - INFO - HTTP Request: POST https://api.telegram.org/bot8246578993:AAGaUxNEW2LCIdh6qLp3Ee9fyTY0z8muMc4/getUpdates "HTTP/1.1 200 OK"
2025-08-06 21:23:05,639 - config - ERROR - Ошибка парсинга Eltex: 404 Client Error: Not Found for url: https://eltexcom.ru/search/?q=109
2025-08-06 21:23:05,639 - config - WARNING - Ошибка при запросе к Eltex (попытка 1): 404 Client Error: Not Found for url: https://eltexcom.ru/search/?q=109
2025-08-06 21:23:07,584 - config - ERROR - Ошибка парсинга Eltex: 404 Client Error: Not Found for url: https://eltexcom.ru/search/?q=109
2025-08-06 21:23:07,585 - config - WARNING - Ошибка при запросе к Eltex (попытка 2): 404 Client Error: Not Found for url: https://eltexcom.ru/search/?q=109
2025-08-06 21:23:09,820 - httpx - INFO - HTTP Request: POST https://api.telegram.org/bot8246578993:AAGaUxNEW2LCIdh6qLp3Ee9fyTY0z8muMc4/getUpdates "HTTP/1.1 200 OK"
2025-08-06 21:23:11,026 - config - ERROR - Ошибка парсинга Eltex: 404 Client Error: Not Found for url: https://eltexcom.ru/search/?q=109
2025-08-06 21:23:11,026 - config - WARNING - Ошибка при запросе к Eltex (попытка 3): 404 Client Error: Not Found for url: https://eltexcom.ru/search/?q=109
2025-08-06 21:23:19,893 - httpx - INFO - HTTP Request: POST https://api.telegram.org/bot8246578993:AAGaUxNEW2LCIdh6qLp3Ee9fyTY0z8muMc4/getUpdates "HTTP/1.1 200 OK"
2025-08-06 21:23:28,187 - config - ERROR - Ошибка парсинга LTV: HTTPSConnectionPool(host='ltvs.ru', port=443): Max retries exceeded with url: /search/?q=109 (Caused by NewConnectionError('<urllib3.connection.HTTPSConnection object at 0x0000022F106FD820>: Failed to establish a new connection: [WinError 10061] Подключение не установлено, т.к. конечный компьютер отверг запрос на подключение'))
2025-08-06 21:23:28,188 - config - WARNING - Ошибка при запросе к LTV (попытка 1): HTTPSConnectionPool(host='ltvs.ru', port=443): Max retries exceeded with url: /search/?q=109 (Caused by NewConnectionError('<urllib3.connection.HTTPSConnection object at 0x0000022F106FD820>: Failed to establish a new connection: [WinError 10061] Подключение не установлено, т.к. конечный компьютер отверг запрос на подключение'))
2025-08-06 21:23:29,968 - httpx - INFO - HTTP Request: POST https://api.telegram.org/bot8246578993:AAGaUxNEW2LCIdh6qLp3Ee9fyTY0z8muMc4/getUpdates "HTTP/1.1 200 OK"
2025-08-06 21:23:32,077 - config - ERROR - Ошибка парсинга LTV: HTTPSConnectionPool(host='ltvs.ru', port=443): Max retries exceeded with url: /search/?q=109 (Caused by NewConnectionError('<urllib3.connection.HTTPSConnection object at 0x0000022F1026B3B0>: Failed to establish a new connection: [WinError 10061] Подключение не установлено, т.к. конечный компьютер отверг запрос на подключение'))
2025-08-06 21:23:32,077 - config - WARNING - Ошибка при запросе к LTV (попытка 2): HTTPSConnectionPool(host='ltvs.ru', port=443): Max retries exceeded with url: /search/?q=109 (Caused by NewConnectionError('<urllib3.connection.HTTPSConnection object at 0x0000022F1026B3B0>: Failed to establish a new connection: [WinError 10061] Подключение не установлено, т.к. конечный компьютер отверг запрос на подключение'))
2025-08-06 21:23:37,473 - config - ERROR - Ошибка парсинга LTV: HTTPSConnectionPool(host='ltvs.ru', port=443): Max retries exceeded with url: /search/?q=109 (Caused by NewConnectionError('<urllib3.connection.HTTPSConnection object at 0x0000022F10269D30>: Failed to establish a new connection: [WinError 10061] Подключение не установлено, т.к. конечный компьютер отверг запрос на подключение'))
2025-08-06 21:23:37,473 - config - WARNING - Ошибка при запросе к LTV (попытка 3): HTTPSConnectionPool(host='ltvs.ru', port=443): Max retries exceeded with url: /search/?q=109 (Caused by NewConnectionError('<urllib3.connection.HTTPSConnection object at 0x0000022F10269D30>: Failed to establish a new connection: [WinError 10061] Подключение не установлено, т.к. конечный компьютер отверг запрос на подключение'))
2025-08-06 21:23:40,041 - httpx - INFO - HTTP Request: POST https://api.telegram.org/bot8246578993:AAGaUxNEW2LCIdh6qLp3Ee9fyTY0z8muMc4/getUpdates "HTTP/1.1 200 OK"
2025-08-06 21:23:41,982 - config - INFO - Проанализировано 110/386 позиций
2025-08-06 21:23:41,983 - config - INFO - Проанализировано 120/386 позиций
2025-08-06 21:23:42,713 - config - ERROR - Ошибка парсинга Layta: 404 Client Error: Not Found for url: https://www.lait.ru/search/?q=201
2025-08-06 21:23:42,713 - config - WARNING - Ошибка при запросе к Layta (попытка 1): 404 Client Error: Not Found for url: https://www.lait.ru/search/?q=201
2025-08-06 21:23:44,681 - config - ERROR - Ошибка парсинга Layta: 404 Client Error: Not Found for url: https://www.lait.ru/search/?q=201
2025-08-06 21:23:44,682 - config - WARNING - Ошибка при запросе к Layta (попытка 2): 404 Client Error: Not Found for url: https://www.lait.ru/search/?q=201
2025-08-06 21:23:48,134 - config - ERROR - Ошибка парсинга Layta: 404 Client Error: Not Found for url: https://www.lait.ru/search/?q=201
2025-08-06 21:23:48,134 - config - WARNING - Ошибка при запросе к Layta (попытка 3): 404 Client Error: Not Found for url: https://www.lait.ru/search/?q=201
2025-08-06 21:23:50,112 - httpx - INFO - HTTP Request: POST https://api.telegram.org/bot8246578993:AAGaUxNEW2LCIdh6qLp3Ee9fyTY0z8muMc4/getUpdates "HTTP/1.1 200 OK"
2025-08-06 21:24:00,213 - httpx - INFO - HTTP Request: POST https://api.telegram.org/bot8246578993:AAGaUxNEW2LCIdh6qLp3Ee9fyTY0z8muMc4/getUpdates "HTTP/1.1 200 OK"
2025-08-06 21:24:10,286 - httpx - INFO - HTTP Request: POST https://api.telegram.org/bot8246578993:AAGaUxNEW2LCIdh6qLp3Ee9fyTY0z8muMc4/getUpdates "HTTP/1.1 200 OK"
2025-08-06 21:24:15,725 - config - ERROR - Ошибка парсинга LTV: HTTPSConnectionPool(host='ltvs.ru', port=443): Max retries exceeded with url: /search/?q=201 (Caused by NewConnectionError('<urllib3.connection.HTTPSConnection object at 0x0000022F105CAED0>: Failed to establish a new connection: [WinError 10061] Подключение не установлено, т.к. конечный компьютер отверг запрос на подключение'))
2025-08-06 21:24:15,726 - config - WARNING - Ошибка при запросе к LTV (попытка 1): HTTPSConnectionPool(host='ltvs.ru', port=443): Max retries exceeded with url: /search/?q=201 (Caused by NewConnectionError('<urllib3.connection.HTTPSConnection object at 0x0000022F105CAED0>: Failed to establish a new connection: [WinError 10061] Подключение не установлено, т.к. конечный компьютер отверг запрос на подключение'))
2025-08-06 21:24:19,625 - config - ERROR - Ошибка парсинга LTV: HTTPSConnectionPool(host='ltvs.ru', port=443): Max retries exceeded with url: /search/?q=201 (Caused by NewConnectionError('<urllib3.connection.HTTPSConnection object at 0x0000022F10622FC0>: Failed to establish a new connection: [WinError 10061] Подключение не установлено, т.к. конечный компьютер отверг запрос на подключение'))
2025-08-06 21:24:19,626 - config - WARNING - Ошибка при запросе к LTV (попытка 2): HTTPSConnectionPool(host='ltvs.ru', port=443): Max retries exceeded with url: /search/?q=201 (Caused by NewConnectionError('<urllib3.connection.HTTPSConnection object at 0x0000022F10622FC0>: Failed to establish a new connection: [WinError 10061] Подключение не установлено, т.к. конечный компьютер отверг запрос на подключение'))
2025-08-06 21:24:20,358 - httpx - INFO - HTTP Request: POST https://api.telegram.org/bot8246578993:AAGaUxNEW2LCIdh6qLp3Ee9fyTY0z8muMc4/getUpdates "HTTP/1.1 200 OK"
2025-08-06 21:24:24,979 - config - ERROR - Ошибка парсинга LTV: HTTPSConnectionPool(host='ltvs.ru', port=443): Max retries exceeded with url: /search/?q=201 (Caused by NewConnectionError('<urllib3.connection.HTTPSConnection object at 0x0000022F105983E0>: Failed to establish a new connection: [WinError 10061] Подключение не установлено, т.к. конечный компьютер отверг запрос на подключение'))
2025-08-06 21:24:24,980 - config - WARNING - Ошибка при запросе к LTV (попытка 3): HTTPSConnectionPool(host='ltvs.ru', port=443): Max retries exceeded with url: /search/?q=201 (Caused by NewConnectionError('<urllib3.connection.HTTPSConnection object at 0x0000022F105983E0>: Failed to establish a new connection: [WinError 10061] Подключение не установлено, т.к. конечный компьютер отверг запрос на подключение'))
2025-08-06 21:24:30,209 - config - ERROR - Ошибка парсинга ETM: 404 Client Error: Not Found for url: https://www.etm.ru/search?q=201
2025-08-06 21:24:30,209 - config - WARNING - Ошибка при запросе к ETM (попытка 1): 404 Client Error: Not Found for url: https://www.etm.ru/search?q=201
2025-08-06 21:24:30,431 - httpx - INFO - HTTP Request: POST https://api.telegram.org/bot8246578993:AAGaUxNEW2LCIdh6qLp3Ee9fyTY0z8muMc4/getUpdates "HTTP/1.1 200 OK"
2025-08-06 21:24:32,214 - config - ERROR - Ошибка парсинга ETM: 404 Client Error: Not Found for url: https://www.etm.ru/search?q=201
2025-08-06 21:24:32,215 - config - WARNING - Ошибка при запросе к ETM (попытка 2): 404 Client Error: Not Found for url: https://www.etm.ru/search?q=201
2025-08-06 21:24:35,712 - config - ERROR - Ошибка парсинга ETM: 404 Client Error: Not Found for url: https://www.etm.ru/search?q=201
2025-08-06 21:24:35,712 - config - WARNING - Ошибка при запросе к ETM (попытка 3): 404 Client Error: Not Found for url: https://www.etm.ru/search?q=201
2025-08-06 21:24:40,502 - httpx - INFO - HTTP Request: POST https://api.telegram.org/bot8246578993:AAGaUxNEW2LCIdh6qLp3Ee9fyTY0z8muMc4/getUpdates "HTTP/1.1 200 OK"
2025-08-06 21:24:40,673 - config - ERROR - Ошибка парсинга Eltex: 404 Client Error: Not Found for url: https://eltexcom.ru/search/?q=201
2025-08-06 21:24:40,674 - config - WARNING - Ошибка при запросе к Eltex (попытка 1): 404 Client Error: Not Found for url: https://eltexcom.ru/search/?q=201
2025-08-06 21:24:42,596 - config - ERROR - Ошибка парсинга Eltex: 404 Client Error: Not Found for url: https://eltexcom.ru/search/?q=201
2025-08-06 21:24:42,596 - config - WARNING - Ошибка при запросе к Eltex (попытка 2): 404 Client Error: Not Found for url: https://eltexcom.ru/search/?q=201
2025-08-06 21:24:46,005 - config - ERROR - Ошибка парсинга Eltex: 404 Client Error: Not Found for url: https://eltexcom.ru/search/?q=201
2025-08-06 21:24:46,006 - config - WARNING - Ошибка при запросе к Eltex (попытка 3): 404 Client Error: Not Found for url: https://eltexcom.ru/search/?q=201
2025-08-06 21:24:50,585 - httpx - INFO - HTTP Request: POST https://api.telegram.org/bot8246578993:AAGaUxNEW2LCIdh6qLp3Ee9fyTY0z8muMc4/getUpdates "HTTP/1.1 200 OK"
2025-08-06 21:25:00,658 - httpx - INFO - HTTP Request: POST https://api.telegram.org/bot8246578993:AAGaUxNEW2LCIdh6qLp3Ee9fyTY0z8muMc4/getUpdates "HTTP/1.1 200 OK"
2025-08-06 21:25:04,142 - config - ERROR - Ошибка парсинга LTV: HTTPSConnectionPool(host='ltvs.ru', port=443): Max retries exceeded with url: /search/?q=202 (Caused by NewConnectionError('<urllib3.connection.HTTPSConnection object at 0x0000022F1070EA80>: Failed to establish a new connection: [WinError 10061] Подключение не установлено, т.к. конечный компьютер отверг запрос на подключение'))
2025-08-06 21:25:04,143 - config - WARNING - Ошибка при запросе к LTV (попытка 1): HTTPSConnectionPool(host='ltvs.ru', port=443): Max retries exceeded with url: /search/?q=202 (Caused by NewConnectionError('<urllib3.connection.HTTPSConnection object at 0x0000022F1070EA80>: Failed to establish a new connection: [WinError 10061] Подключение не установлено, т.к. конечный компьютер отверг запрос на подключение'))
2025-08-06 21:25:08,021 - config - ERROR - Ошибка парсинга LTV: HTTPSConnectionPool(host='ltvs.ru', port=443): Max retries exceeded with url: /search/?q=202 (Caused by NewConnectionError('<urllib3.connection.HTTPSConnection object at 0x0000022F10598080>: Failed to establish a new connection: [WinError 10061] Подключение не установлено, т.к. конечный компьютер отверг запрос на подключение'))
2025-08-06 21:25:08,022 - config - WARNING - Ошибка при запросе к LTV (попытка 2): HTTPSConnectionPool(host='ltvs.ru', port=443): Max retries exceeded with url: /search/?q=202 (Caused by NewConnectionError('<urllib3.connection.HTTPSConnection object at 0x0000022F10598080>: Failed to establish a new connection: [WinError 10061] Подключение не установлено, т.к. конечный компьютер отверг запрос на подключение'))
2025-08-06 21:25:10,730 - httpx - INFO - HTTP Request: POST https://api.telegram.org/bot8246578993:AAGaUxNEW2LCIdh6qLp3Ee9fyTY0z8muMc4/getUpdates "HTTP/1.1 200 OK"
2025-08-06 21:25:13,432 - config - ERROR - Ошибка парсинга LTV: HTTPSConnectionPool(host='ltvs.ru', port=443): Max retries exceeded with url: /search/?q=202 (Caused by NewConnectionError('<urllib3.connection.HTTPSConnection object at 0x0000022F10598C20>: Failed to establish a new connection: [WinError 10061] Подключение не установлено, т.к. конечный компьютер отверг запрос на подключение'))
2025-08-06 21:25:13,433 - config - WARNING - Ошибка при запросе к LTV (попытка 3): HTTPSConnectionPool(host='ltvs.ru', port=443): Max retries exceeded with url: /search/?q=202 (Caused by NewConnectionError('<urllib3.connection.HTTPSConnection object at 0x0000022F10598C20>: Failed to establish a new connection: [WinError 10061] Подключение не установлено, т.к. конечный компьютер отверг запрос на подключение'))
2025-08-06 21:25:18,408 - config - ERROR - Ошибка парсинга Layta: 404 Client Error: Not Found for url: https://www.lait.ru/search/?q=202
2025-08-06 21:25:18,408 - config - WARNING - Ошибка при запросе к Layta (попытка 1): 404 Client Error: Not Found for url: https://www.lait.ru/search/?q=202
2025-08-06 21:25:20,372 - config - ERROR - Ошибка парсинга Layta: 404 Client Error: Not Found for url: https://www.lait.ru/search/?q=202
2025-08-06 21:25:20,373 - config - WARNING - Ошибка при запросе к Layta (попытка 2): 404 Client Error: Not Found for url: https://www.lait.ru/search/?q=202
2025-08-06 21:25:20,803 - httpx - INFO - HTTP Request: POST https://api.telegram.org/bot8246578993:AAGaUxNEW2LCIdh6qLp3Ee9fyTY0z8muMc4/getUpdates "HTTP/1.1 200 OK"
2025-08-06 21:25:23,848 - config - ERROR - Ошибка парсинга Layta: 404 Client Error: Not Found for url: https://www.lait.ru/search/?q=202
2025-08-06 21:25:23,848 - config - WARNING - Ошибка при запросе к Layta (попытка 3): 404 Client Error: Not Found for url: https://www.lait.ru/search/?q=202
2025-08-06 21:25:28,860 - config - ERROR - Ошибка парсинга ETM: 404 Client Error: Not Found for url: https://www.etm.ru/search?q=202
2025-08-06 21:25:28,861 - config - WARNING - Ошибка при запросе к ETM (попытка 1): 404 Client Error: Not Found for url: https://www.etm.ru/search?q=202
2025-08-06 21:25:30,871 - config - ERROR - Ошибка парсинга ETM: 404 Client Error: Not Found for url: https://www.etm.ru/search?q=202
2025-08-06 21:25:30,871 - config - WARNING - Ошибка при запросе к ETM (попытка 2): 404 Client Error: Not Found for url: https://www.etm.ru/search?q=202
2025-08-06 21:25:30,875 - httpx - INFO - HTTP Request: POST https://api.telegram.org/bot8246578993:AAGaUxNEW2LCIdh6qLp3Ee9fyTY0z8muMc4/getUpdates "HTTP/1.1 200 OK"
2025-08-06 21:25:34,387 - config - ERROR - Ошибка парсинга ETM: 404 Client Error: Not Found for url: https://www.etm.ru/search?q=202
2025-08-06 21:25:34,388 - config - WARNING - Ошибка при запросе к ETM (попытка 3): 404 Client Error: Not Found for url: https://www.etm.ru/search?q=202
2025-08-06 21:25:39,310 - config - ERROR - Ошибка парсинга Eltex: 404 Client Error: Not Found for url: https://eltexcom.ru/search/?q=202
2025-08-06 21:25:39,310 - config - WARNING - Ошибка при запросе к Eltex (попытка 1): 404 Client Error: Not Found for url: https://eltexcom.ru/search/?q=202
2025-08-06 21:25:40,947 - httpx - INFO - HTTP Request: POST https://api.telegram.org/bot8246578993:AAGaUxNEW2LCIdh6qLp3Ee9fyTY0z8muMc4/getUpdates "HTTP/1.1 200 OK"
2025-08-06 21:25:41,241 - config - ERROR - Ошибка парсинга Eltex: 404 Client Error: Not Found for url: https://eltexcom.ru/search/?q=202
2025-08-06 21:25:41,242 - config - WARNING - Ошибка при запросе к Eltex (попытка 2): 404 Client Error: Not Found for url: https://eltexcom.ru/search/?q=202
2025-08-06 21:25:44,678 - config - ERROR - Ошибка парсинга Eltex: 404 Client Error: Not Found for url: https://eltexcom.ru/search/?q=202
2025-08-06 21:25:44,679 - config - WARNING - Ошибка при запросе к Eltex (попытка 3): 404 Client Error: Not Found for url: https://eltexcom.ru/search/?q=202
2025-08-06 21:25:51,025 - httpx - INFO - HTTP Request: POST https://api.telegram.org/bot8246578993:AAGaUxNEW2LCIdh6qLp3Ee9fyTY0z8muMc4/getUpdates "HTTP/1.1 200 OK"
2025-08-06 21:26:01,096 - httpx - INFO - HTTP Request: POST https://api.telegram.org/bot8246578993:AAGaUxNEW2LCIdh6qLp3Ee9fyTY0z8muMc4/getUpdates "HTTP/1.1 200 OK"
2025-08-06 21:26:11,168 - httpx - INFO - HTTP Request: POST https://api.telegram.org/bot8246578993:AAGaUxNEW2LCIdh6qLp3Ee9fyTY0z8muMc4/getUpdates "HTTP/1.1 200 OK"
2025-08-06 21:26:21,242 - httpx - INFO - HTTP Request: POST https://api.telegram.org/bot8246578993:AAGaUxNEW2LCIdh6qLp3Ee9fyTY0z8muMc4/getUpdates "HTTP/1.1 200 OK"
2025-08-06 21:26:31,336 - httpx - INFO - HTTP Request: POST https://api.telegram.org/bot8246578993:AAGaUxNEW2LCIdh6qLp3Ee9fyTY0z8muMc4/getUpdates "HTTP/1.1 200 OK"
2025-08-06 21:26:31,734 - config - ERROR - Ошибка парсинга Layta: 404 Client Error: Not Found for url: https://www.lait.ru/search/?q=203
2025-08-06 21:26:31,735 - config - WARNING - Ошибка при запросе к Layta (попытка 1): 404 Client Error: Not Found for url: https://www.lait.ru/search/?q=203
2025-08-06 21:26:33,752 - config - ERROR - Ошибка парсинга Layta: 404 Client Error: Not Found for url: https://www.lait.ru/search/?q=203
2025-08-06 21:26:33,753 - config - WARNING - Ошибка при запросе к Layta (попытка 2): 404 Client Error: Not Found for url: https://www.lait.ru/search/?q=203
2025-08-06 21:26:37,328 - config - ERROR - Ошибка парсинга Layta: 404 Client Error: Not Found for url: https://www.lait.ru/search/?q=203
2025-08-06 21:26:37,328 - config - WARNING - Ошибка при запросе к Layta (попытка 3): 404 Client Error: Not Found for url: https://www.lait.ru/search/?q=203
2025-08-06 21:26:41,408 - httpx - INFO - HTTP Request: POST https://api.telegram.org/bot8246578993:AAGaUxNEW2LCIdh6qLp3Ee9fyTY0z8muMc4/getUpdates "HTTP/1.1 200 OK"
2025-08-06 21:26:44,227 - config - ERROR - Ошибка парсинга LTV: HTTPSConnectionPool(host='ltvs.ru', port=443): Max retries exceeded with url: /search/?q=203 (Caused by NewConnectionError('<urllib3.connection.HTTPSConnection object at 0x0000022F1082CA70>: Failed to establish a new connection: [WinError 10061] Подключение не установлено, т.к. конечный компьютер отверг запрос на подключение'))
2025-08-06 21:26:44,228 - config - WARNING - Ошибка при запросе к LTV (попытка 1): HTTPSConnectionPool(host='ltvs.ru', port=443): Max retries exceeded with url: /search/?q=203 (Caused by NewConnectionError('<urllib3.connection.HTTPSConnection object at 0x0000022F1082CA70>: Failed to establish a new connection: [WinError 10061] Подключение не установлено, т.к. конечный компьютер отверг запрос на подключение'))
2025-08-06 21:26:48,115 - config - ERROR - Ошибка парсинга LTV: HTTPSConnectionPool(host='ltvs.ru', port=443): Max retries exceeded with url: /search/?q=203 (Caused by NewConnectionError('<urllib3.connection.HTTPSConnection object at 0x0000022F1082D2B0>: Failed to establish a new connection: [WinError 10061] Подключение не установлено, т.к. конечный компьютер отверг запрос на подключение'))
2025-08-06 21:26:48,116 - config - WARNING - Ошибка при запросе к LTV (попытка 2): HTTPSConnectionPool(host='ltvs.ru', port=443): Max retries exceeded with url: /search/?q=203 (Caused by NewConnectionError('<urllib3.connection.HTTPSConnection object at 0x0000022F1082D2B0>: Failed to establish a new connection: [WinError 10061] Подключение не установлено, т.к. конечный компьютер отверг запрос на подключение'))
2025-08-06 21:26:51,480 - httpx - INFO - HTTP Request: POST https://api.telegram.org/bot8246578993:AAGaUxNEW2LCIdh6qLp3Ee9fyTY0z8muMc4/getUpdates "HTTP/1.1 200 OK"
2025-08-06 21:26:53,498 - config - ERROR - Ошибка парсинга LTV: HTTPSConnectionPool(host='ltvs.ru', port=443): Max retries exceeded with url: /search/?q=203 (Caused by NewConnectionError('<urllib3.connection.HTTPSConnection object at 0x0000022F1082DAF0>: Failed to establish a new connection: [WinError 10061] Подключение не установлено, т.к. конечный компьютер отверг запрос на подключение'))
2025-08-06 21:26:53,499 - config - WARNING - Ошибка при запросе к LTV (попытка 3): HTTPSConnectionPool(host='ltvs.ru', port=443): Max retries exceeded with url: /search/?q=203 (Caused by NewConnectionError('<urllib3.connection.HTTPSConnection object at 0x0000022F1082DAF0>: Failed to establish a new connection: [WinError 10061] Подключение не установлено, т.к. конечный компьютер отверг запрос на подключение'))
2025-08-06 21:27:01,558 - httpx - INFO - HTTP Request: POST https://api.telegram.org/bot8246578993:AAGaUxNEW2LCIdh6qLp3Ee9fyTY0z8muMc4/getUpdates "HTTP/1.1 200 OK"
2025-08-06 21:27:11,633 - httpx - INFO - HTTP Request: POST https://api.telegram.org/bot8246578993:AAGaUxNEW2LCIdh6qLp3Ee9fyTY0z8muMc4/getUpdates "HTTP/1.1 200 OK"
2025-08-06 21:27:19,858 - config - ERROR - Ошибка парсинга Eltex: 404 Client Error: Not Found for url: https://eltexcom.ru/search/?q=203
2025-08-06 21:27:19,859 - config - WARNING - Ошибка при запросе к Eltex (попытка 1): 404 Client Error: Not Found for url: https://eltexcom.ru/search/?q=203
2025-08-06 21:27:21,708 - httpx - INFO - HTTP Request: POST https://api.telegram.org/bot8246578993:AAGaUxNEW2LCIdh6qLp3Ee9fyTY0z8muMc4/getUpdates "HTTP/1.1 200 OK"
2025-08-06 21:27:21,768 - config - ERROR - Ошибка парсинга Eltex: 404 Client Error: Not Found for url: https://eltexcom.ru/search/?q=203
2025-08-06 21:27:21,769 - config - WARNING - Ошибка при запросе к Eltex (попытка 2): 404 Client Error: Not Found for url: https://eltexcom.ru/search/?q=203
2025-08-06 21:27:25,227 - config - ERROR - Ошибка парсинга Eltex: 404 Client Error: Not Found for url: https://eltexcom.ru/search/?q=203
2025-08-06 21:27:25,227 - config - WARNING - Ошибка при запросе к Eltex (попытка 3): 404 Client Error: Not Found for url: https://eltexcom.ru/search/?q=203
2025-08-06 21:27:30,241 - config - ERROR - Ошибка парсинга ETM: 404 Client Error: Not Found for url: https://www.etm.ru/search?q=203
2025-08-06 21:27:30,241 - config - WARNING - Ошибка при запросе к ETM (попытка 1): 404 Client Error: Not Found for url: https://www.etm.ru/search?q=203
2025-08-06 21:27:31,780 - httpx - INFO - HTTP Request: POST https://api.telegram.org/bot8246578993:AAGaUxNEW2LCIdh6qLp3Ee9fyTY0z8muMc4/getUpdates "HTTP/1.1 200 OK"
2025-08-06 21:27:32,262 - config - ERROR - Ошибка парсинга ETM: 404 Client Error: Not Found for url: https://www.etm.ru/search?q=203
2025-08-06 21:27:32,262 - config - WARNING - Ошибка при запросе к ETM (попытка 2): 404 Client Error: Not Found for url: https://www.etm.ru/search?q=203
2025-08-06 21:27:35,781 - config - ERROR - Ошибка парсинга ETM: 404 Client Error: Not Found for url: https://www.etm.ru/search?q=203
2025-08-06 21:27:35,782 - config - WARNING - Ошибка при запросе к ETM (попытка 3): 404 Client Error: Not Found for url: https://www.etm.ru/search?q=203
2025-08-06 21:27:40,290 - config - INFO - Проанализировано 130/386 позиций
2025-08-06 21:27:41,851 - httpx - INFO - HTTP Request: POST https://api.telegram.org/bot8246578993:AAGaUxNEW2LCIdh6qLp3Ee9fyTY0z8muMc4/getUpdates "HTTP/1.1 200 OK"
2025-08-06 21:27:51,925 - httpx - INFO - HTTP Request: POST https://api.telegram.org/bot8246578993:AAGaUxNEW2LCIdh6qLp3Ee9fyTY0z8muMc4/getUpdates "HTTP/1.1 200 OK"
2025-08-06 21:28:01,997 - httpx - INFO - HTTP Request: POST https://api.telegram.org/bot8246578993:AAGaUxNEW2LCIdh6qLp3Ee9fyTY0z8muMc4/getUpdates "HTTP/1.1 200 OK"
2025-08-06 21:28:12,070 - httpx - INFO - HTTP Request: POST https://api.telegram.org/bot8246578993:AAGaUxNEW2LCIdh6qLp3Ee9fyTY0z8muMc4/getUpdates "HTTP/1.1 200 OK"
2025-08-06 21:28:12,505 - config - ERROR - Ошибка парсинга Layta: 404 Client Error: Not Found for url: https://www.lait.ru/search/?q=204
2025-08-06 21:28:12,505 - config - WARNING - Ошибка при запросе к Layta (попытка 1): 404 Client Error: Not Found for url: https://www.lait.ru/search/?q=204
2025-08-06 21:28:14,492 - config - ERROR - Ошибка парсинга Layta: 404 Client Error: Not Found for url: https://www.lait.ru/search/?q=204
2025-08-06 21:28:14,492 - config - WARNING - Ошибка при запросе к Layta (попытка 2): 404 Client Error: Not Found for url: https://www.lait.ru/search/?q=204
2025-08-06 21:28:17,965 - config - ERROR - Ошибка парсинга Layta: 404 Client Error: Not Found for url: https://www.lait.ru/search/?q=204
2025-08-06 21:28:17,965 - config - WARNING - Ошибка при запросе к Layta (попытка 3): 404 Client Error: Not Found for url: https://www.lait.ru/search/?q=204
2025-08-06 21:28:22,141 - httpx - INFO - HTTP Request: POST https://api.telegram.org/bot8246578993:AAGaUxNEW2LCIdh6qLp3Ee9fyTY0z8muMc4/getUpdates "HTTP/1.1 200 OK"
2025-08-06 21:28:22,906 - config - ERROR - Ошибка парсинга Eltex: 404 Client Error: Not Found for url: https://eltexcom.ru/search/?q=204
2025-08-06 21:28:22,907 - config - WARNING - Ошибка при запросе к Eltex (попытка 1): 404 Client Error: Not Found for url: https://eltexcom.ru/search/?q=204
2025-08-06 21:28:24,825 - config - ERROR - Ошибка парсинга Eltex: 404 Client Error: Not Found for url: https://eltexcom.ru/search/?q=204
2025-08-06 21:28:24,825 - config - WARNING - Ошибка при запросе к Eltex (попытка 2): 404 Client Error: Not Found for url: https://eltexcom.ru/search/?q=204
2025-08-06 21:28:28,809 - config - ERROR - Ошибка парсинга Eltex: 404 Client Error: Not Found for url: https://eltexcom.ru/search/?q=204
2025-08-06 21:28:28,809 - config - WARNING - Ошибка при запросе к Eltex (попытка 3): 404 Client Error: Not Found for url: https://eltexcom.ru/search/?q=204
2025-08-06 21:28:32,213 - httpx - INFO - HTTP Request: POST https://api.telegram.org/bot8246578993:AAGaUxNEW2LCIdh6qLp3Ee9fyTY0z8muMc4/getUpdates "HTTP/1.1 200 OK"
2025-08-06 21:28:33,975 - config - ERROR - Ошибка парсинга ETM: 404 Client Error: Not Found for url: https://www.etm.ru/search?q=204
2025-08-06 21:28:33,975 - config - WARNING - Ошибка при запросе к ETM (попытка 1): 404 Client Error: Not Found for url: https://www.etm.ru/search?q=204
2025-08-06 21:28:36,114 - config - ERROR - Ошибка парсинга ETM: 404 Client Error: Not Found for url: https://www.etm.ru/search?q=204
2025-08-06 21:28:36,115 - config - WARNING - Ошибка при запросе к ETM (попытка 2): 404 Client Error: Not Found for url: https://www.etm.ru/search?q=204
2025-08-06 21:28:39,760 - config - ERROR - Ошибка парсинга ETM: 404 Client Error: Not Found for url: https://www.etm.ru/search?q=204
2025-08-06 21:28:39,760 - config - WARNING - Ошибка при запросе к ETM (попытка 3): 404 Client Error: Not Found for url: https://www.etm.ru/search?q=204
2025-08-06 21:28:42,286 - httpx - INFO - HTTP Request: POST https://api.telegram.org/bot8246578993:AAGaUxNEW2LCIdh6qLp3Ee9fyTY0z8muMc4/getUpdates "HTTP/1.1 200 OK"
2025-08-06 21:28:46,678 - config - ERROR - Ошибка парсинга LTV: HTTPSConnectionPool(host='ltvs.ru', port=443): Max retries exceeded with url: /search/?q=204 (Caused by NewConnectionError('<urllib3.connection.HTTPSConnection object at 0x0000022F107BAD80>: Failed to establish a new connection: [WinError 10061] Подключение не установлено, т.к. конечный компьютер отверг запрос на подключение'))
2025-08-06 21:28:46,679 - config - WARNING - Ошибка при запросе к LTV (попытка 1): HTTPSConnectionPool(host='ltvs.ru', port=443): Max retries exceeded with url: /search/?q=204 (Caused by NewConnectionError('<urllib3.connection.HTTPSConnection object at 0x0000022F107BAD80>: Failed to establish a new connection: [WinError 10061] Подключение не установлено, т.к. конечный компьютер отверг запрос на подключение'))
2025-08-06 21:28:50,580 - config - ERROR - Ошибка парсинга LTV: HTTPSConnectionPool(host='ltvs.ru', port=443): Max retries exceeded with url: /search/?q=204 (Caused by NewConnectionError('<urllib3.connection.HTTPSConnection object at 0x0000022F107B9EB0>: Failed to establish a new connection: [WinError 10061] Подключение не установлено, т.к. конечный компьютер отверг запрос на подключение'))
2025-08-06 21:28:50,582 - config - WARNING - Ошибка при запросе к LTV (попытка 2): HTTPSConnectionPool(host='ltvs.ru', port=443): Max retries exceeded with url: /search/?q=204 (Caused by NewConnectionError('<urllib3.connection.HTTPSConnection object at 0x0000022F107B9EB0>: Failed to establish a new connection: [WinError 10061] Подключение не установлено, т.к. конечный компьютер отверг запрос на подключение'))
2025-08-06 21:28:52,358 - httpx - INFO - HTTP Request: POST https://api.telegram.org/bot8246578993:AAGaUxNEW2LCIdh6qLp3Ee9fyTY0z8muMc4/getUpdates "HTTP/1.1 200 OK"
2025-08-06 21:28:55,970 - config - ERROR - Ошибка парсинга LTV: HTTPSConnectionPool(host='ltvs.ru', port=443): Max retries exceeded with url: /search/?q=204 (Caused by NewConnectionError('<urllib3.connection.HTTPSConnection object at 0x0000022F106232F0>: Failed to establish a new connection: [WinError 10061] Подключение не установлено, т.к. конечный компьютер отверг запрос на подключение'))
2025-08-06 21:28:55,970 - config - WARNING - Ошибка при запросе к LTV (попытка 3): HTTPSConnectionPool(host='ltvs.ru', port=443): Max retries exceeded with url: /search/?q=204 (Caused by NewConnectionError('<urllib3.connection.HTTPSConnection object at 0x0000022F106232F0>: Failed to establish a new connection: [WinError 10061] Подключение не установлено, т.к. конечный компьютер отверг запрос на подключение'))
2025-08-06 21:29:00,892 - config - ERROR - Ошибка парсинга Eltex: 404 Client Error: Not Found for url: https://eltexcom.ru/search/?q=205
2025-08-06 21:29:00,892 - config - WARNING - Ошибка при запросе к Eltex (попытка 1): 404 Client Error: Not Found for url: https://eltexcom.ru/search/?q=205
2025-08-06 21:29:02,430 - httpx - INFO - HTTP Request: POST https://api.telegram.org/bot8246578993:AAGaUxNEW2LCIdh6qLp3Ee9fyTY0z8muMc4/getUpdates "HTTP/1.1 200 OK"
2025-08-06 21:29:02,813 - config - ERROR - Ошибка парсинга Eltex: 404 Client Error: Not Found for url: https://eltexcom.ru/search/?q=205
2025-08-06 21:29:02,814 - config - WARNING - Ошибка при запросе к Eltex (попытка 2): 404 Client Error: Not Found for url: https://eltexcom.ru/search/?q=205
2025-08-06 21:29:06,230 - config - ERROR - Ошибка парсинга Eltex: 404 Client Error: Not Found for url: https://eltexcom.ru/search/?q=205
2025-08-06 21:29:06,231 - config - WARNING - Ошибка при запросе к Eltex (попытка 3): 404 Client Error: Not Found for url: https://eltexcom.ru/search/?q=205
2025-08-06 21:29:11,368 - config - ERROR - Ошибка парсинга ETM: 404 Client Error: Not Found for url: https://www.etm.ru/search?q=205
2025-08-06 21:29:11,369 - config - WARNING - Ошибка при запросе к ETM (попытка 1): 404 Client Error: Not Found for url: https://www.etm.ru/search?q=205
2025-08-06 21:29:12,503 - httpx - INFO - HTTP Request: POST https://api.telegram.org/bot8246578993:AAGaUxNEW2LCIdh6qLp3Ee9fyTY0z8muMc4/getUpdates "HTTP/1.1 200 OK"
2025-08-06 21:29:13,364 - config - ERROR - Ошибка парсинга ETM: 404 Client Error: Not Found for url: https://www.etm.ru/search?q=205
2025-08-06 21:29:13,364 - config - WARNING - Ошибка при запросе к ETM (попытка 2): 404 Client Error: Not Found for url: https://www.etm.ru/search?q=205
2025-08-06 21:29:17,124 - config - ERROR - Ошибка парсинга ETM: 404 Client Error: Not Found for url: https://www.etm.ru/search?q=205
2025-08-06 21:29:17,124 - config - WARNING - Ошибка при запросе к ETM (попытка 3): 404 Client Error: Not Found for url: https://www.etm.ru/search?q=205
2025-08-06 21:29:22,128 - config - ERROR - Ошибка парсинга Layta: 404 Client Error: Not Found for url: https://www.lait.ru/search/?q=205
2025-08-06 21:29:22,129 - config - WARNING - Ошибка при запросе к Layta (попытка 1): 404 Client Error: Not Found for url: https://www.lait.ru/search/?q=205
2025-08-06 21:29:22,621 - httpx - INFO - HTTP Request: POST https://api.telegram.org/bot8246578993:AAGaUxNEW2LCIdh6qLp3Ee9fyTY0z8muMc4/getUpdates "HTTP/1.1 200 OK"
2025-08-06 21:29:24,622 - config - ERROR - Ошибка парсинга Layta: 404 Client Error: Not Found for url: https://www.lait.ru/search/?q=205
2025-08-06 21:29:24,622 - config - WARNING - Ошибка при запросе к Layta (попытка 2): 404 Client Error: Not Found for url: https://www.lait.ru/search/?q=205
2025-08-06 21:29:28,085 - config - ERROR - Ошибка парсинга Layta: 404 Client Error: Not Found for url: https://www.lait.ru/search/?q=205
2025-08-06 21:29:28,086 - config - WARNING - Ошибка при запросе к Layta (попытка 3): 404 Client Error: Not Found for url: https://www.lait.ru/search/?q=205
2025-08-06 21:29:32,693 - httpx - INFO - HTTP Request: POST https://api.telegram.org/bot8246578993:AAGaUxNEW2LCIdh6qLp3Ee9fyTY0z8muMc4/getUpdates "HTTP/1.1 200 OK"
2025-08-06 21:29:42,766 - httpx - INFO - HTTP Request: POST https://api.telegram.org/bot8246578993:AAGaUxNEW2LCIdh6qLp3Ee9fyTY0z8muMc4/getUpdates "HTTP/1.1 200 OK"
2025-08-06 21:29:45,184 - config - ERROR - Ошибка парсинга LTV: HTTPSConnectionPool(host='ltvs.ru', port=443): Max retries exceeded with url: /search/?q=205 (Caused by NewConnectionError('<urllib3.connection.HTTPSConnection object at 0x0000022F1088C350>: Failed to establish a new connection: [WinError 10061] Подключение не установлено, т.к. конечный компьютер отверг запрос на подключение'))
2025-08-06 21:29:45,185 - config - WARNING - Ошибка при запросе к LTV (попытка 1): HTTPSConnectionPool(host='ltvs.ru', port=443): Max retries exceeded with url: /search/?q=205 (Caused by NewConnectionError('<urllib3.connection.HTTPSConnection object at 0x0000022F1088C350>: Failed to establish a new connection: [WinError 10061] Подключение не установлено, т.к. конечный компьютер отверг запрос на подключение'))
2025-08-06 21:29:49,076 - config - ERROR - Ошибка парсинга LTV: HTTPSConnectionPool(host='ltvs.ru', port=443): Max retries exceeded with url: /search/?q=205 (Caused by NewConnectionError('<urllib3.connection.HTTPSConnection object at 0x0000022F1026A540>: Failed to establish a new connection: [WinError 10061] Подключение не установлено, т.к. конечный компьютер отверг запрос на подключение'))
2025-08-06 21:29:49,077 - config - WARNING - Ошибка при запросе к LTV (попытка 2): HTTPSConnectionPool(host='ltvs.ru', port=443): Max retries exceeded with url: /search/?q=205 (Caused by NewConnectionError('<urllib3.connection.HTTPSConnection object at 0x0000022F1026A540>: Failed to establish a new connection: [WinError 10061] Подключение не установлено, т.к. конечный компьютер отверг запрос на подключение'))
2025-08-06 21:29:52,838 - httpx - INFO - HTTP Request: POST https://api.telegram.org/bot8246578993:AAGaUxNEW2LCIdh6qLp3Ee9fyTY0z8muMc4/getUpdates "HTTP/1.1 200 OK"
2025-08-06 21:29:54,470 - config - ERROR - Ошибка парсинга LTV: HTTPSConnectionPool(host='ltvs.ru', port=443): Max retries exceeded with url: /search/?q=205 (Caused by NewConnectionError('<urllib3.connection.HTTPSConnection object at 0x0000022F10269DC0>: Failed to establish a new connection: [WinError 10061] Подключение не установлено, т.к. конечный компьютер отверг запрос на подключение'))
2025-08-06 21:29:54,471 - config - WARNING - Ошибка при запросе к LTV (попытка 3): HTTPSConnectionPool(host='ltvs.ru', port=443): Max retries exceeded with url: /search/?q=205 (Caused by NewConnectionError('<urllib3.connection.HTTPSConnection object at 0x0000022F10269DC0>: Failed to establish a new connection: [WinError 10061] Подключение не установлено, т.к. конечный компьютер отверг запрос на подключение'))
2025-08-06 21:30:02,912 - httpx - INFO - HTTP Request: POST https://api.telegram.org/bot8246578993:AAGaUxNEW2LCIdh6qLp3Ee9fyTY0z8muMc4/getUpdates "HTTP/1.1 200 OK"
2025-08-06 21:30:12,985 - httpx - INFO - HTTP Request: POST https://api.telegram.org/bot8246578993:AAGaUxNEW2LCIdh6qLp3Ee9fyTY0z8muMc4/getUpdates "HTTP/1.1 200 OK"
2025-08-06 21:30:22,947 - config - ERROR - Ошибка парсинга LTV: HTTPSConnectionPool(host='ltvs.ru', port=443): Max retries exceeded with url: /search/?q=206 (Caused by NewConnectionError('<urllib3.connection.HTTPSConnection object at 0x0000022F10778F80>: Failed to establish a new connection: [WinError 10061] Подключение не установлено, т.к. конечный компьютер отверг запрос на подключение'))
2025-08-06 21:30:22,948 - config - WARNING - Ошибка при запросе к LTV (попытка 1): HTTPSConnectionPool(host='ltvs.ru', port=443): Max retries exceeded with url: /search/?q=206 (Caused by NewConnectionError('<urllib3.connection.HTTPSConnection object at 0x0000022F10778F80>: Failed to establish a new connection: [WinError 10061] Подключение не установлено, т.к. конечный компьютер отверг запрос на подключение'))
2025-08-06 21:30:23,055 - httpx - INFO - HTTP Request: POST https://api.telegram.org/bot8246578993:AAGaUxNEW2LCIdh6qLp3Ee9fyTY0z8muMc4/getUpdates "HTTP/1.1 200 OK"
2025-08-06 21:30:26,839 - config - ERROR - Ошибка парсинга LTV: HTTPSConnectionPool(host='ltvs.ru', port=443): Max retries exceeded with url: /search/?q=206 (Caused by NewConnectionError('<urllib3.connection.HTTPSConnection object at 0x0000022F108AEF90>: Failed to establish a new connection: [WinError 10061] Подключение не установлено, т.к. конечный компьютер отверг запрос на подключение'))
2025-08-06 21:30:26,839 - config - WARNING - Ошибка при запросе к LTV (попытка 2): HTTPSConnectionPool(host='ltvs.ru', port=443): Max retries exceeded with url: /search/?q=206 (Caused by NewConnectionError('<urllib3.connection.HTTPSConnection object at 0x0000022F108AEF90>: Failed to establish a new connection: [WinError 10061] Подключение не установлено, т.к. конечный компьютер отверг запрос на подключение'))
2025-08-06 21:30:32,221 - config - ERROR - Ошибка парсинга LTV: HTTPSConnectionPool(host='ltvs.ru', port=443): Max retries exceeded with url: /search/?q=206 (Caused by NewConnectionError('<urllib3.connection.HTTPSConnection object at 0x0000022F108AF7D0>: Failed to establish a new connection: [WinError 10061] Подключение не установлено, т.к. конечный компьютер отверг запрос на подключение'))
2025-08-06 21:30:32,222 - config - WARNING - Ошибка при запросе к LTV (попытка 3): HTTPSConnectionPool(host='ltvs.ru', port=443): Max retries exceeded with url: /search/?q=206 (Caused by NewConnectionError('<urllib3.connection.HTTPSConnection object at 0x0000022F108AF7D0>: Failed to establish a new connection: [WinError 10061] Подключение не установлено, т.к. конечный компьютер отверг запрос на подключение'))
2025-08-06 21:30:33,128 - httpx - INFO - HTTP Request: POST https://api.telegram.org/bot8246578993:AAGaUxNEW2LCIdh6qLp3Ee9fyTY0z8muMc4/getUpdates "HTTP/1.1 200 OK"
2025-08-06 21:30:37,348 - config - ERROR - Ошибка парсинга ETM: 404 Client Error: Not Found for url: https://www.etm.ru/search?q=206
2025-08-06 21:30:37,348 - config - WARNING - Ошибка при запросе к ETM (попытка 1): 404 Client Error: Not Found for url: https://www.etm.ru/search?q=206
2025-08-06 21:30:39,484 - config - ERROR - Ошибка парсинга ETM: 404 Client Error: Not Found for url: https://www.etm.ru/search?q=206
2025-08-06 21:30:39,484 - config - WARNING - Ошибка при запросе к ETM (попытка 2): 404 Client Error: Not Found for url: https://www.etm.ru/search?q=206
2025-08-06 21:30:42,991 - config - ERROR - Ошибка парсинга ETM: 404 Client Error: Not Found for url: https://www.etm.ru/search?q=206
2025-08-06 21:30:42,992 - config - WARNING - Ошибка при запросе к ETM (попытка 3): 404 Client Error: Not Found for url: https://www.etm.ru/search?q=206
2025-08-06 21:30:43,200 - httpx - INFO - HTTP Request: POST https://api.telegram.org/bot8246578993:AAGaUxNEW2LCIdh6qLp3Ee9fyTY0z8muMc4/getUpdates "HTTP/1.1 200 OK"
2025-08-06 21:30:53,280 - httpx - INFO - HTTP Request: POST https://api.telegram.org/bot8246578993:AAGaUxNEW2LCIdh6qLp3Ee9fyTY0z8muMc4/getUpdates "HTTP/1.1 200 OK"
2025-08-06 21:31:03,359 - httpx - INFO - HTTP Request: POST https://api.telegram.org/bot8246578993:AAGaUxNEW2LCIdh6qLp3Ee9fyTY0z8muMc4/getUpdates "HTTP/1.1 200 OK"
2025-08-06 21:31:08,509 - config - ERROR - Ошибка парсинга Eltex: 404 Client Error: Not Found for url: https://eltexcom.ru/search/?q=206
2025-08-06 21:31:08,510 - config - WARNING - Ошибка при запросе к Eltex (попытка 1): 404 Client Error: Not Found for url: https://eltexcom.ru/search/?q=206
2025-08-06 21:31:10,420 - config - ERROR - Ошибка парсинга Eltex: 404 Client Error: Not Found for url: https://eltexcom.ru/search/?q=206
2025-08-06 21:31:10,420 - config - WARNING - Ошибка при запросе к Eltex (попытка 2): 404 Client Error: Not Found for url: https://eltexcom.ru/search/?q=206
2025-08-06 21:31:13,431 - httpx - INFO - HTTP Request: POST https://api.telegram.org/bot8246578993:AAGaUxNEW2LCIdh6qLp3Ee9fyTY0z8muMc4/getUpdates "HTTP/1.1 200 OK"
2025-08-06 21:31:13,845 - config - ERROR - Ошибка парсинга Eltex: 404 Client Error: Not Found for url: https://eltexcom.ru/search/?q=206
2025-08-06 21:31:13,845 - config - WARNING - Ошибка при запросе к Eltex (попытка 3): 404 Client Error: Not Found for url: https://eltexcom.ru/search/?q=206
2025-08-06 21:31:21,602 - config - INFO - Получен сигнал на остановку
2025-08-06 21:31:21,603 - telegram.ext.Application - INFO - Application is stopping. This might take a moment.
2025-08-06 21:31:21,777 - telegram.ext.Application - WARNING - Fetching updates got a asyncio.CancelledError. Ignoring as this task may onlybe closed via `Application.stop`.
2025-08-06 21:31:30,018 - config - ERROR - Ошибка парсинга Layta: 404 Client Error: Not Found for url: https://www.lait.ru/search/?q=206
2025-08-06 21:31:30,018 - config - WARNING - Ошибка при запросе к Layta (попытка 1): 404 Client Error: Not Found for url: https://www.lait.ru/search/?q=206
2025-08-06 21:31:31,983 - config - ERROR - Ошибка парсинга Layta: 404 Client Error: Not Found for url: https://www.lait.ru/search/?q=206
2025-08-06 21:31:31,984 - config - WARNING - Ошибка при запросе к Layta (попытка 2): 404 Client Error: Not Found for url: https://www.lait.ru/search/?q=206
2025-08-06 21:31:35,460 - config - ERROR - Ошибка парсинга Layta: 404 Client Error: Not Found for url: https://www.lait.ru/search/?q=206
2025-08-06 21:31:35,460 - config - WARNING - Ошибка при запросе к Layta (попытка 3): 404 Client Error: Not Found for url: https://www.lait.ru/search/?q=206
2025-08-06 21:32:04,166 - config - ERROR - Ошибка парсинга LTV: HTTPSConnectionPool(host='ltvs.ru', port=443): Max retries exceeded with url: /search/?q=207 (Caused by NewConnectionError('<urllib3.connection.HTTPSConnection object at 0x0000022F10598BC0>: Failed to establish a new connection: [WinError 10061] Подключение не установлено, т.к. конечный компьютер отверг запрос на подключение'))
2025-08-06 21:32:04,167 - config - WARNING - Ошибка при запросе к LTV (попытка 1): HTTPSConnectionPool(host='ltvs.ru', port=443): Max retries exceeded with url: /search/?q=207 (Caused by NewConnectionError('<urllib3.connection.HTTPSConnection object at 0x0000022F10598BC0>: Failed to establish a new connection: [WinError 10061] Подключение не установлено, т.к. конечный компьютер отверг запрос на подключение'))
2025-08-06 21:32:08,067 - config - ERROR - Ошибка парсинга LTV: HTTPSConnectionPool(host='ltvs.ru', port=443): Max retries exceeded with url: /search/?q=207 (Caused by NewConnectionError('<urllib3.connection.HTTPSConnection object at 0x0000022F10598C50>: Failed to establish a new connection: [WinError 10061] Подключение не установлено, т.к. конечный компьютер отверг запрос на подключение'))
2025-08-06 21:32:08,067 - config - WARNING - Ошибка при запросе к LTV (попытка 2): HTTPSConnectionPool(host='ltvs.ru', port=443): Max retries exceeded with url: /search/?q=207 (Caused by NewConnectionError('<urllib3.connection.HTTPSConnection object at 0x0000022F10598C50>: Failed to establish a new connection: [WinError 10061] Подключение не установлено, т.к. конечный компьютер отверг запрос на подключение'))
2025-08-06 21:32:13,458 - config - ERROR - Ошибка парсинга LTV: HTTPSConnectionPool(host='ltvs.ru', port=443): Max retries exceeded with url: /search/?q=207 (Caused by NewConnectionError('<urllib3.connection.HTTPSConnection object at 0x0000022F0EB9DC70>: Failed to establish a new connection: [WinError 10061] Подключение не установлено, т.к. конечный компьютер отверг запрос на подключение'))
2025-08-06 21:32:13,459 - config - WARNING - Ошибка при запросе к LTV (попытка 3): HTTPSConnectionPool(host='ltvs.ru', port=443): Max retries exceeded with url: /search/?q=207 (Caused by NewConnectionError('<urllib3.connection.HTTPSConnection object at 0x0000022F0EB9DC70>: Failed to establish a new connection: [WinError 10061] Подключение не установлено, т.к. конечный компьютер отверг запрос на подключение'))
2025-08-06 21:32:18,428 - config - ERROR - Ошибка парсинга Layta: 404 Client Error: Not Found for url: https://www.lait.ru/search/?q=207
2025-08-06 21:32:18,428 - config - WARNING - Ошибка при запросе к Layta (попытка 1): 404 Client Error: Not Found for url: https://www.lait.ru/search/?q=207
2025-08-06 21:32:20,386 - config - ERROR - Ошибка парсинга Layta: 404 Client Error: Not Found for url: https://www.lait.ru/search/?q=207
2025-08-06 21:32:20,386 - config - WARNING - Ошибка при запросе к Layta (попытка 2): 404 Client Error: Not Found for url: https://www.lait.ru/search/?q=207
2025-08-06 21:32:23,863 - config - ERROR - Ошибка парсинга Layta: 404 Client Error: Not Found for url: https://www.lait.ru/search/?q=207
2025-08-06 21:32:23,863 - config - WARNING - Ошибка при запросе к Layta (попытка 3): 404 Client Error: Not Found for url: https://www.lait.ru/search/?q=207
2025-08-06 21:32:28,799 - config - ERROR - Ошибка парсинга Eltex: 404 Client Error: Not Found for url: https://eltexcom.ru/search/?q=207
2025-08-06 21:32:28,800 - config - WARNING - Ошибка при запросе к Eltex (попытка 1): 404 Client Error: Not Found for url: https://eltexcom.ru/search/?q=207
2025-08-06 21:32:30,731 - config - ERROR - Ошибка парсинга Eltex: 404 Client Error: Not Found for url: https://eltexcom.ru/search/?q=207
2025-08-06 21:32:30,732 - config - WARNING - Ошибка при запросе к Eltex (попытка 2): 404 Client Error: Not Found for url: https://eltexcom.ru/search/?q=207
2025-08-06 21:32:34,167 - config - ERROR - Ошибка парсинга Eltex: 404 Client Error: Not Found for url: https://eltexcom.ru/search/?q=207
2025-08-06 21:32:34,168 - config - WARNING - Ошибка при запросе к Eltex (попытка 3): 404 Client Error: Not Found for url: https://eltexcom.ru/search/?q=207
2025-08-06 21:32:49,668 - config - ERROR - Ошибка парсинга ETM: 404 Client Error: Not Found for url: https://www.etm.ru/search?q=207
2025-08-06 21:32:49,668 - config - WARNING - Ошибка при запросе к ETM (попытка 1): 404 Client Error: Not Found for url: https://www.etm.ru/search?q=207
2025-08-06 21:32:51,673 - config - ERROR - Ошибка парсинга ETM: 404 Client Error: Not Found for url: https://www.etm.ru/search?q=207
2025-08-06 21:32:51,673 - config - WARNING - Ошибка при запросе к ETM (попытка 2): 404 Client Error: Not Found for url: https://www.etm.ru/search?q=207
2025-08-06 21:32:55,427 - config - ERROR - Ошибка парсинга ETM: 404 Client Error: Not Found for url: https://www.etm.ru/search?q=207
2025-08-06 21:32:55,428 - config - WARNING - Ошибка при запросе к ETM (попытка 3): 404 Client Error: Not Found for url: https://www.etm.ru/search?q=207
2025-08-06 21:32:59,937 - config - INFO - Проанализировано 140/386 позиций
2025-08-06 21:32:59,937 - config - INFO - Проанализировано 150/386 позиций
2025-08-06 21:32:59,938 - config - INFO - Проанализировано 160/386 позиций
2025-08-06 21:32:59,939 - config - INFO - Проанализировано 170/386 позиций
2025-08-06 21:32:59,940 - config - INFO - Проанализировано 180/386 позиций
2025-08-06 21:32:59,942 - config - INFO - Проанализировано 190/386 позиций
2025-08-06 21:32:59,943 - config - INFO - Проанализировано 200/386 позиций
2025-08-06 21:32:59,944 - config - INFO - Проанализировано 210/386 позиций
2025-08-06 21:32:59,945 - config - INFO - Проанализировано 220/386 позиций
2025-08-06 21:32:59,946 - config - INFO - Проанализировано 230/386 позиций
2025-08-06 21:32:59,946 - config - INFO - Проанализировано 240/386 позиций
2025-08-06 21:32:59,947 - config - INFO - Проанализировано 250/386 позиций
2025-08-06 21:32:59,948 - config - INFO - Проанализировано 260/386 позиций
2025-08-06 21:32:59,949 - config - INFO - Проанализировано 270/386 позиций
2025-08-06 21:32:59,949 - config - INFO - Проанализировано 280/386 позиций
2025-08-06 21:32:59,950 - config - INFO - Проанализировано 290/386 позиций
2025-08-06 21:32:59,951 - config - INFO - Проанализировано 300/386 позиций
2025-08-06 21:32:59,952 - config - INFO - Проанализировано 310/386 позиций
2025-08-06 21:32:59,952 - config - INFO - Проанализировано 320/386 позиций
2025-08-06 21:32:59,953 - config - INFO - Проанализировано 330/386 позиций
2025-08-06 21:32:59,954 - config - INFO - Проанализировано 340/386 позиций
2025-08-06 21:32:59,954 - config - INFO - Проанализировано 350/386 позиций
2025-08-06 21:32:59,955 - config - INFO - Проанализировано 360/386 позиций
2025-08-06 21:32:59,956 - config - INFO - Проанализировано 370/386 позиций
2025-08-06 21:32:59,957 - config - INFO - Проанализировано 380/386 позиций
2025-08-06 21:32:59,958 - config - INFO - Анализ завершен для 386 позиций
2025-08-06 21:33:00,123 - config - INFO - Отчет сгенерирован: C:\Users\79604\Documents\GitHub\First_project\storage\temp_files\report_862070532_1754503511_2553bb.xlsx
2025-08-06 21:33:00,125 - config - INFO - Бот остановлен пользователем
